,game_year,pitcher,player_name,sequence_rv
0,2023,425794,"Wainwright, Adam",0.0008151035927294082
1,2023,425844,"Greinke, Zack",0.00029506092059413926
2,2023,434378,"Verlander, Justin",0.0008654577711687113
3,2023,445276,"Jansen, Kenley",0.0016106773644332599
4,2023,445926,"Chavez, Jesse",0.0008336637997032539
5,2023,446372,"Kluber, Corey",0.0006952358500447352
6,2023,448179,"Hill, Rich",0.0007731666675379383
7,2023,450203,"Morton, Charlie",0.0005986427784458331
8,2023,453178,"Kennedy, Ian",0.00039300196471547035
9,2023,453268,"Bard, Daniel",0.0011835494915065378
10,2023,453286,"Scherzer, Max",-0.00037302752155434567
11,2023,455119,"Martin, Chris",0.00015625224717924502
12,2023,456501,"Cueto, Johnny",-0.00015759497183502193
13,2023,456713,"Bush, Matt",0.00033592433214462564
14,2023,458681,"Lynn, Lance",0.0007259343049873127
15,2023,471911,"Carrasco, Carlos",-7.723375497688186e-05
16,2023,472551,"Abad, Fernando",0.0006002384657005591
17,2023,472610,"García, Luis",0.0007506610496028293
18,2023,476595,"Luetge, Lucas",0.0031267901276245476
19,2023,477132,"Kershaw, Clayton",0.0006034953115144917
20,2023,488984,"Hunter, Tommy",0.0009034619318335577
21,2023,489119,"Miley, Wade",0.00065275113737752
22,2023,489446,"Yates, Kirby",0.00039879022419161606
23,2023,493603,"Ottavino, Adam",0.0005325691989421131
24,2023,500779,"Quintana, Jose",-0.00010909058744469796
25,2023,502043,"Gibson, Kyle",0.0006400434557620328
26,2023,502083,"McAllister, Zach",0.00042851398341508097
27,2023,502085,"Robertson, David",0.003335312794446197
28,2023,502171,"Cobb, Alex",5.114623859196883e-05
29,2023,502179,"Espino, Paolo",0.0009721778158710357
30,2023,502202,"Boxberger, Brad",-1.1727830790414043e-05
31,2023,502624,"Anderson, Chase",0.00015529742079554802
32,2023,506433,"Darvish, Yu",0.001041927108876061
33,2023,518397,"Alexander, Scott",0.0006528478539741262
34,2023,518489,"Brasier, Ryan",0.0013180282515571128
35,2023,518516,"Bumgarner, Madison",0.0001554911466958696
36,2023,518585,"Cruz, Fernando",0.0008749471306303755
37,2023,518617,"Diekman, Jake",0.000409463556425382
38,2023,518876,"Kelly, Merrill",0.00012252707524017053
39,2023,518886,"Kimbrel, Craig",0.0006085332440331287
40,2023,519043,"Moore, Matt",-0.0002573563928771835
41,2023,519151,"Pressly, Ryan",0.0012315908795576683
42,2023,519242,"Sale, Chris",6.200887533610771e-05
43,2023,519293,"Smith, Will",0.0007872699802964691
44,2023,523260,"Kelly, Joe",0.001131354167640414
45,2023,527048,"Pérez, Martín",-0.0005047028568375375
46,2023,527054,"Teheran, Julio",0.0007793556182913013
47,2023,541640,"Ramírez, Erasmo",0.0013189089897732763
48,2023,542585,"Cisnero, José",0.0004798614338218382
49,2023,542881,"Anderson, Tyler",-4.1899690687114645e-05
50,2023,542888,"Armstrong, Shawn",0.0009654806027225446
51,2023,542914,"Bass, Anthony",0.0012244280047824562
52,2023,542947,"Bleier, Richard",0.001441371303314189
53,2023,543037,"Cole, Gerrit",0.0002799892804000523
54,2023,543056,"Coulombe, Danny",0.0016105702824840487
55,2023,543101,"DeSclafani, Anthony",0.0005542903170237136
56,2023,543135,"Eovaldi, Nathan",-0.00025779924345456913
57,2023,543243,"Gray, Sonny",0.0010135198231149367
58,2023,543272,"Hand, Brad",0.0011221309621519168
59,2023,543294,"Hendricks, Kyle",0.00017158180548652643
60,2023,543351,"Jackson, Jay",0.001015378612820887
61,2023,543475,"Lyles, Jordan",0.0008001020608549804
62,2023,543507,"May, Trevor",0.000371584363060709
63,2023,543518,"McGough, Scott",0.0008096196444768728
64,2023,543521,"McHugh, Collin",0.0029915193164902613
65,2023,543548,"Milone, Tommy",0.00038080561725979076
66,2023,543766,"Shaw, Bryan",0.0023785465797195775
67,2023,543859,"Tonkin, Michael",0.0007226824362349192
68,2023,543901,"Weber, Ryan",0.00044919115339770365
69,2023,544727,"Familia, Jeurys",0.00023620210138942387
70,2023,547179,"Lorenzen, Michael",0.0002732937109410704
71,2023,547184,"Kelly, Michael",0.001224487653364912
72,2023,547943,"Ryu, Hyun Jin",0.0001658453128603943
73,2023,547973,"Chapman, Aroldis",0.0009698780555546313
74,2023,548384,"Raley, Brooks",0.0013021671104229394
75,2023,548389,"Stripling, Ross",2.7158135059119663e-05
76,2023,552640,"Kittredge, Andrew",0.0012200567101914746
77,2023,554340,"García, Yimi",0.000787127479616431
78,2023,554430,"Wheeler, Zack",0.0007309700309239404
79,2023,570257,"Rodríguez, Joely",-0.000335650110111349
80,2023,570632,"Ureña, José",0.00014116542224357738
81,2023,570666,"Cessa, Luis",-7.121121568745042e-05
82,2023,571479,"Bellatti, Andrew",0.00044944121081040084
83,2023,571510,"Boyd, Matthew",-9.98911520423489e-06
84,2023,571539,"Carasiti, Matt",0.001410110469874262
85,2023,571578,"Corbin, Patrick",0.0009633815942542088
86,2023,571656,"Farmer, Buck",-0.00021580467118452782
87,2023,571670,"Floro, Dylan",0.0003150712155114283
88,2023,571760,"Heaney, Andrew",-4.3508237011674214e-05
89,2023,571863,"Koch, Matt",0.0005091507269818955
90,2023,571882,"Law, Derek",0.001280423951766876
91,2023,571901,"Loup, Aaron",0.0003647323205482783
92,2023,571927,"Matz, Steven",-0.00017638906939075458
93,2023,571945,"Mikolas, Miles",0.0008106410716860734
94,2023,571946,"Miller, Shelby",-0.00036761931973259963
95,2023,571948,"Milner, Hoby",0.00025356396055603467
96,2023,572020,"Paxton, James",9.270098831347634e-05
97,2023,572193,"Tepera, Ryan",0.0008254667662428833
98,2023,572403,"VerHagen, Drew",0.0005296932041279518
99,2023,572955,"Johnson, Pierce",0.0010663247099992098
100,2023,572971,"Keuchel, Dallas",0.0006037676847176481
101,2023,573009,"Mantiply, Joe",0.0003910701526963917
102,2023,573124,"Rogers, Taylor",0.0013530904447337018
103,2023,573186,"Stroman, Marcus",0.0006504388412957559
104,2023,573204,"Thielbar, Caleb",0.0007747141119581512
105,2023,579328,"Kikuchi, Yusei",0.00019696197603708034
106,2023,592094,"Adam, Jason",0.0001277834294522235
107,2023,592229,"Covey, Dylan",0.0012427636726931655
108,2023,592254,"De León, José",0.00038567857230123757
109,2023,592332,"Gausman, Kevin",0.00031561731865272944
110,2023,592351,"Gray, Jon",3.6549109465140035e-05
111,2023,592426,"Jackson, Luke",0.0009936204817745013
112,2023,592454,"Kahnle, Tommy",0.0014412591570579932
113,2023,592741,"Shreve, Chasen",0.0003800596153516517
114,2023,592767,"Smyly, Drew",0.0015682010938885646
115,2023,592773,"Stanek, Ryne",0.0005077627120620722
116,2023,592779,"Stewart, Brock",0.0008169631579326359
117,2023,592789,"Syndergaard, Noah",-0.0002057605765873528
118,2023,592791,"Taillon, Jameson",0.0005349839814423165
119,2023,592826,"Velasquez, Vince",0.0001578707102755406
120,2023,592836,"Walker, Taijuan",-5.1114809353758986e-05
121,2023,592848,"Weiss, Zack",0.00100692038127793
122,2023,592866,"Williams, Trevor",0.000666801157131124
123,2023,593334,"Germán, Domingo",0.0001701793267926317
124,2023,593576,"Neris, Héctor",0.0008857622038792459
125,2023,593619,"Tapia, Domingo",0.0012586626653335663
126,2023,593833,"Suero, Wander",0.0012802995251231057
127,2023,593958,"Rodriguez, Eduardo",0.0004771562627781043
128,2023,593974,"Peralta, Wandy",-0.00012945182443109847
129,2023,594577,"Mayers, Mike",0.0006481197263600128
130,2023,594580,"Moll, Sam",0.0011353134688979487
131,2023,594798,"deGrom, Jacob",0.0001727976640079315
132,2023,594835,"Gonzales, Marco",0.00010042038489328526
133,2023,594902,"Lively, Ben",0.0003618511642740949
134,2023,594943,"Neal, Zach",0.0004062682887735444
135,2023,595345,"Okert, Steven",0.0007364603256055606
136,2023,595411,"Sherriff, Ryan",0.001152928670785701
137,2023,595928,"Curtiss, John",0.00014636959638174605
138,2023,596001,"Junis, Jakob",0.0011070164649782126
139,2023,596057,"Norris, Daniel",0.00017563791647442668
140,2023,596112,"Stephenson, Robert",0.0012805286465460463
141,2023,596133,"Weaver, Luke",-0.00022392675573299135
142,2023,596271,"Lawrence, Casey",0.0002768409395298844
143,2023,596295,"Gomber, Austin",0.00023401389906478582
144,2023,598264,"Barnes, Matt",6.52761710946789e-05
145,2023,598286,"Ramirez, Nick",3.643059784402397e-05
146,2023,600917,"Leclerc, José",0.00023622267242476763
147,2023,600921,"Machado, Andrés",0.0006457877792146832
148,2023,601713,"Pivetta, Nick",0.0003749133632790248
149,2023,605130,"Barlow, Scott",0.0014990060556885592
150,2023,605135,"Bassitt, Chris",0.0008044437024482385
151,2023,605151,"Bradley, Archie",0.0009291291702714111
152,2023,605154,"Brebbia, John",0.0004890366224531216
153,2023,605155,"Brewer, Colten",0.0032854590436216754
154,2023,605177,"Chafin, Andrew",0.0012839269364489443
155,2023,605182,"Clevinger, Mike",0.0004433921583443067
156,2023,605200,"Davies, Zach",-0.0003245767133034866
157,2023,605218,"Edwards Jr., Carl",0.0006237171223814161
158,2023,605242,"Fulmer, Michael",0.0008588292583967053
159,2023,605280,"Holmes, Clay",0.0013428918410613416
160,2023,605288,"Houser, Adrian",0.0011617973815538098
161,2023,605347,"López, Jorge",0.0008202033033939403
162,2023,605397,"Musgrove, Joe",0.0007409450169836378
163,2023,605400,"Nola, Aaron",0.0002912039249238871
164,2023,605447,"Romano, Jordan",0.0010625325618048452
165,2023,605463,"Scott, Tayler",0.0006240153633928849
166,2023,605483,"Snell, Blake",0.00029901170465502456
167,2023,605488,"Springs, Jeffrey",0.00047280282594310935
168,2023,605498,"Suárez, Andrew",0.00010367548568054529
169,2023,605513,"Turnbull, Spencer",0.0004305080906407035
170,2023,605540,"Woodruff, Brandon",0.000637009537853106
171,2023,606149,"Gallegos, Giovanny",0.0008766246934229797
172,2023,606160,"Montero, Rafael",0.0008117940676059311
173,2023,606303,"Payamps, Joel",0.00034341948531924754
174,2023,606930,"Barnes, Jacob",0.0006793245459502207
175,2023,606965,"Devenski, Chris",0.000668393922555252
176,2023,607067,"Rea, Colin",0.000586577554436341
177,2023,607074,"Rodón, Carlos",0.0003671338332832983
178,2023,607179,"Weems, Jordan",0.0005573900954018758
179,2023,607192,"Glasnow, Tyler",0.0008309604631751737
180,2023,607237,"Garrett, Amir",0.0013971735164857028
181,2023,607259,"Martinez, Nick",0.0001984655192201585
182,2023,607359,"Patton, Spencer",0.0006888247026207693
183,2023,607455,"Banda, Anthony",0.0004062579621972868
184,2023,607457,"Barraclough, Kyle",0.0010065339987376614
185,2023,607481,"Bummer, Aaron",0.0011562169226312783
186,2023,607536,"Freeland, Kyle",0.0003252809051570502
187,2023,607625,"Lugo, Seth",0.0004547979448297759
188,2023,607644,"Means, John",0.0004190167810506037
189,2023,607755,"Vasquez, Andrew",0.0022301293591914166
190,2023,607968,"Rucinski, Drew",0.0005855161082477039
191,2023,608032,"Estévez, Carlos",0.0005536462474000861
192,2023,608328,"De Jong, Chase",-2.260560781149638e-05
193,2023,608331,"Fried, Max",0.0005473368612228535
194,2023,608334,"Fulmer, Carson",-0.0004775723953568441
195,2023,608337,"Giolito, Lucas",-5.0110671068363306e-05
196,2023,608344,"Irvin, Cole",-7.421023447727895e-06
197,2023,608371,"Sims, Lucas",0.0004792311609004518
198,2023,608379,"Wacha, Michael",-7.037206532248455e-05
199,2023,608566,"Márquez, Germán",0.0007894656491557394
200,2023,608638,"Chargois, JT",0.0011656126425797534
201,2023,608665,"Graveman, Kendall",0.0005259407939783051
202,2023,608678,"Leone, Dominic",0.0008034456510825784
203,2023,608717,"Stratton, Chris",0.0007033064631248386
204,2023,608718,"Suter, Brent",4.246604936960246e-06
205,2023,608723,"Voth, Austin",0.0007293300750130367
206,2023,611093,"Bracho, Silvino",0.0006610334604109948
207,2023,612434,"Castro, Miguel",0.0005511070347846979
208,2023,613534,"Adams, Austin",0.002435609377952647
209,2023,614179,"Ruiz, José",0.0004028919536292447
210,2023,615698,"Quantrill, Cal",0.00034447830761701547
211,2023,621016,"Cuas, Jose",0.0011172673708807587
212,2023,621051,"Wilson, Steven",0.0004709174308812882
213,2023,621057,"Garza, Justin",0.0004143565232733805
214,2023,621074,"Rucker, Michael",0.00029241291650522103
215,2023,621076,"Kaprielian, James",0.0003026898377789925
216,2023,621107,"Eflin, Zach",0.0009353032552496099
217,2023,621112,"Blackburn, Paul",0.000657739997697248
218,2023,621237,"Alvarado, José",0.0013598933734731895
219,2023,621244,"Berríos, José",0.00032066493276470973
220,2023,621249,"Underwood Jr., Duane",0.0003102937648716349
221,2023,621294,"Heller, Ben",0.0007400729704952591
222,2023,621295,"Wittgren, Nick",0.00023122630526895086
223,2023,621345,"Minter, A.J.",0.00048195858297699393
224,2023,621363,"Poche, Colin",0.0005370844817155705
225,2023,621366,"Borucki, Ryan",0.0018439910185514233
226,2023,621368,"Hearn, Taylor",0.0008656349544430174
227,2023,621381,"Strahm, Matt",0.0009152863420507547
228,2023,621383,"Banks, Tanner",-3.105407337180916e-05
229,2023,621389,"Blach, Ty",-0.0002083731160214678
230,2023,622065,"Young, Alex",-0.0001197191635471564
231,2023,622072,"Wood, Alex",-0.0005741330871739717
232,2023,622075,"Almonte, Yency",0.0009294480164968387
233,2023,622098,"Smith, Drew",0.00014714047998543188
234,2023,622103,"Reyes, Gerardo",0.0006644991020743583
235,2023,622250,"Sborz, Josh",0.0005282232841957016
236,2023,622251,"Staumont, Josh",0.0010791804506714126
237,2023,622259,"Wingenter, Trey",0.0003625710702883126
238,2023,622491,"Castillo, Luis",0.0005210041935553312
239,2023,622503,"Crismatt, Nabil",0.000834851541548672
240,2023,622554,"Domínguez, Seranthony",0.0011149741741497026
241,2023,622608,"Senzatela, Antonio",0.00014112607342599504
242,2023,622663,"Severino, Luis",0.00030185575930710695
243,2023,622766,"Díaz, Miguel",0.00015564573584972321
244,2023,622772,"Cordero, Jimmy",0.0011214714566708521
245,2023,622780,"Perdomo, Angel",0.0007576164319697624
246,2023,623149,"Sewald, Paul",0.0005882754321303048
247,2023,623167,"Flexen, Chris",0.0001113980432889793
248,2023,623211,"Brazobán, Huascar",-0.00020858428994173113
249,2023,623352,"Hader, Josh",0.0010398658919029615
250,2023,623433,"Anderson, Nick",0.000893811515974711
251,2023,623437,"Topa, Justin",0.0011622529952663562
252,2023,623451,"Stephens, Jackson",0.0011720641411205371
253,2023,623465,"Phillips, Evan",0.0015151541353922258
254,2023,623474,"Herget, Jimmy",0.0013236404303331236
255,2023,624133,"Suárez, Ranger",0.0002442625683181322
256,2023,624522,"Thompson, Keegan",0.00034565520440165673
257,2023,624647,"González, Victor",0.0008868811996150393
258,2023,625643,"López, Reynaldo",0.0003672540201877957
259,2023,628317,"Maeda, Kenta",0.0002946090517737533
260,2023,628452,"Iglesias, Raisel",0.00023831817295731292
261,2023,628708,"Marte, Yunior",0.0013361672156201483
262,2023,628711,"Urías, Julio",-0.00019786755930170516
263,2023,630023,"Chirinos, Yonny",0.0014238534560777271
264,2023,640444,"Crowe, Wil",0.0008774872224969898
265,2023,640448,"Finnegan, Kyle",0.0007865616319900129
266,2023,640451,"Harvey, Hunter",0.0004136111826325994
267,2023,640454,"Krook, Matt",0.0008004175369688609
268,2023,640455,"Manaea, Sean",3.3846132157899484e-06
269,2023,640462,"Puk, A.J.",0.0004074952762372669
270,2023,640470,"Alzolay, Adbert",0.001105256939405025
271,2023,641154,"López, Pablo",0.00020975274615565035
272,2023,641302,"Alexander, Tyler",0.00022168074052976506
273,2023,641329,"Baker, Bryan",1.1417614625192773e-05
274,2023,641360,"Bickford, Phil",0.0006187650965680263
275,2023,641401,"Brogdon, Connor",0.0004560175200124682
276,2023,641427,"Busenitz, Alan",0.000609110114168839
277,2023,641482,"Cortes, Nestor",0.00045367253228283555
278,2023,641540,"Dunning, Dane",0.0004649615148324327
279,2023,641585,"France, J.P.",0.0005937603957331945
280,2023,641627,"Gott, Trevor",0.000639435195683409
281,2023,641656,"Hamilton, Ian",0.0010726251555899626
282,2023,641672,"Hatch, Thomas",0.0002768361981360886
283,2023,641703,"Honeywell, Brent",-6.086275854148565e-05
284,2023,641712,"Hudson, Dakota",0.0011629246247236403
285,2023,641729,"Jiménez, Joe",0.0007400178302562491
286,2023,641743,"Kay, Anthony",0.00035863795608105295
287,2023,641745,"Keller, Brad",0.0007064518656677733
288,2023,641755,"Kinley, Tyler",0.0010742575789341332
289,2023,641771,"Kuhl, Chad",0.0012542939333297313
290,2023,641778,"Lauer, Eric",0.00023708037192127034
291,2023,641793,"Littell, Zack",0.00035516672283237015
292,2023,641816,"Mahle, Tyler",0.00045987098717942477
293,2023,641835,"Mayza, Tim",0.0015177082188346253
294,2023,641871,"Middleton, Keynan",-0.0003429934566342228
295,2023,641927,"Ober, Bailey",0.00018482904845154357
296,2023,641941,"Pagán, Emilio",0.0007903771636919443
297,2023,642048,"Saucedo, Tayler",0.0007142471727839848
298,2023,642100,"Speier, Gabe",0.001038335314656164
299,2023,642207,"Williams, Devin",0.0005461948813844095
300,2023,642216,"Winans, Allan",0.0005890832913567722
301,2023,642231,"Yacabonis, Jimmy",0.0011092441923797067
302,2023,642232,"Yarbrough, Ryan",0.00045530353000019906
303,2023,642239,"Zastryzny, Rob",0.000186174704735147
304,2023,642397,"Soto, Gregory",0.0011679495987228893
305,2023,642528,"Loáisiga, Jonathan",0.00045608811899048365
306,2023,642545,"Barria, Jaime",0.00039039087432989826
307,2023,642546,"Hernández, Jonathan",0.0005843738496124961
308,2023,642547,"Peralta, Freddy",5.289784438923186e-06
309,2023,642585,"Bautista, Félix",0.00042321320055090745
310,2023,642701,"Santana, Dennis",0.0005114152663792912
311,2023,642758,"Acevedo, Domingo",0.0005476779846048532
312,2023,642770,"Guerra, Javy",0.0011144256857628478
313,2023,643256,"Cimber, Adam",0.0012444877700312853
314,2023,643338,"Green, Chad",0.0011747623541346031
315,2023,643361,"Herget, Kevin",-0.0005125905034647006
316,2023,643377,"Jax, Griffin",0.0012718542001356867
317,2023,643410,"Leiter Jr., Mark",0.0007094354088190368
318,2023,643493,"Pruitt, Austin",0.000532525119687287
319,2023,643511,"Rogers, Tyler",0.002900603291455955
320,2023,645261,"Alcantara, Sandy",0.00010313972163482696
321,2023,646241,"De Jesus, Enmanuel",-2.1290973532924205e-05
322,2023,646242,"Díaz, Jhonathan",-1.543275141229522e-05
323,2023,647315,"Pop, Zach",0.0012190852943244435
324,2023,647336,"Soroka, Michael",0.00047177532183722323
325,2023,650496,"Mejía, J.C.",0.0014162666194821327
326,2023,650556,"Abreu, Bryan",0.001018810454933503
327,2023,650633,"King, Michael",0.0007260968165116499
328,2023,650644,"Civale, Aaron",0.0012334481276772256
329,2023,650671,"Quijada, José",0.0009204519917194776
330,2023,650893,"Cabrera, Génesis",0.0008073474133914841
331,2023,650895,"Castillo, Diego",0.0012725257964832086
332,2023,650911,"Sánchez, Cristopher",3.3683214298114264e-05
333,2023,650960,"Duarte, Daniel",0.0005784501265763837
334,2023,656061,"Abreu, Albert",0.0005974178271956243
335,2023,656222,"Beeks, Jalen",0.00039159099427114424
336,2023,656232,"Bielak, Brandon",0.00043840046016573725
337,2023,656234,"Bird, Jake",0.0012224433657832847
338,2023,656257,"Brigham, Jeff",0.0006913760015612832
339,2023,656266,"Bukauskas, J.B.",0.0013534262890431575
340,2023,656271,"Burke, Brock",0.000740756975521395
341,2023,656288,"Canning, Griffin",0.00025916927827856454
342,2023,656290,"Carlton, Drew",0.0006667375975534471
343,2023,656302,"Cease, Dylan",0.0007392822741740735
344,2023,656322,"Coonrod, Sam",0.000649315649197339
345,2023,656353,"Davidson, Tucker",0.0008293579994518572
346,2023,656382,"Doyle, Tommy",0.0019863335494062035
347,2023,656412,"Faedo, Alex",6.437717944147502e-07
348,2023,656427,"Flaherty, Jack",0.0007027210646198405
349,2023,656457,"Gilbert, Tyler",0.0006063349248534045
350,2023,656464,"Ginkel, Kevin",0.0007504678930123108
351,2023,656529,"Hentges, Sam",0.001166278390455222
352,2023,656546,"Hoffman, Jeff",0.00043255240519021856
353,2023,656557,"Houck, Tanner",0.0008260033397553347
354,2023,656578,"Jackson, Andre",-0.0002241275576448633
355,2023,656605,"Keller, Mitch",0.0007000924779327971
356,2023,656629,"Kopech, Michael",0.00023484575087626757
357,2023,656638,"Lange, Alex",0.0010373665236787883
358,2023,656657,"Logue, Zach",8.521371311701921e-05
359,2023,656730,"Megill, Trevor",0.0007220607577975282
360,2023,656731,"Megill, Tylor",0.0001423867460785126
361,2023,656756,"Montgomery, Jordan",2.5627992415424433e-05
362,2023,656786,"Mushinski, Parker",0.0021992672424956824
363,2023,656794,"Newcomb, Sean",0.000691995447827456
364,2023,656814,"Ortiz, Luis F.",0.0007497822434021363
365,2023,656818,"Overton, Connor",0.0003092661732997372
366,2023,656820,"Padilla, Nicholas",0.001973031041132909
367,2023,656849,"Peterson, David",-9.191951471367926e-05
368,2023,656876,"Rasmussen, Drew",0.000836406866429232
369,2023,656887,"Reid-Foley, Sean",0.0004176867685406761
370,2023,656945,"Scott, Tanner",0.0006399430103818893
371,2023,656970,"Smeltzer, Devin",-0.0005267393274233638
372,2023,656981,"Solomon, Peter",0.00010989189669489928
373,2023,656986,"Sousa, Bennett",0.0005923893072195914
374,2023,657006,"Steele, Justin",0.0006416825886136714
375,2023,657024,"Swanson, Erik",0.0007672787810100381
376,2023,657031,"Taylor, Josh",0.0009394342780183114
377,2023,657044,"Thompson, Ryan",0.0013125383187664273
378,2023,657053,"Toussaint, Touki",0.00031969463732822744
379,2023,657097,"Webb, Jacob",0.00010147600218477825
380,2023,657140,"Wright, Kyle",0.0008787501637390842
381,2023,657240,"Merryweather, Julian",0.000565610548348039
382,2023,657248,"Otto, Glenn",0.0008328976602400924
383,2023,657265,"Strzelecki, Peter",0.000288332715087496
384,2023,657277,"Webb, Logan",-8.828534921067202e-05
385,2023,657376,"Schmidt, Clarke",0.0020281926340218193
386,2023,657424,"Gage, Matt",0.0007272085207257427
387,2023,657508,"Baumann, Mike",0.0006677656620418437
388,2023,657514,"Bernardino, Brennan",0.0013134494943991552
389,2023,657571,"Ferguson, Caleb",0.0005868178898065105
390,2023,657585,"Garrett, Reed",9.4676159009189e-05
391,2023,657612,"Hill, Tim",0.0020436857882405743
392,2023,657746,"Ryan, Joe",0.00015379662716580542
393,2023,657756,"Seabold, Connor",0.00013944511428682998
394,2023,658648,"Avila, Pedro",0.0013299619868740906
395,2023,659275,"Lamet, Dinelson",0.0008619835323486703
396,2023,660261,"Fujinami, Shintaro",0.0005341670960124043
397,2023,660271,"Ohtani, Shohei",0.0006527038373760698
398,2023,660593,"Reyes, Denyi",0.00011361978015921167
399,2023,660761,"Suarez, José",1.2333523199803311e-05
400,2023,660787,"De Los Santos, Yerry",1.7922209976902126e-05
401,2023,660813,"Graterol, Brusdar",0.001406507239857791
402,2023,660825,"Bazardo, Eduard",0.0008278831690994766
403,2023,660853,"De Los Santos, Enyel",0.0005094166583655297
404,2023,660896,"Alcala, Jorge",0.001015790737577535
405,2023,660906,"Pérez, Francisco",6.531204640382676e-05
406,2023,661309,"Martínez, Adrián",-0.0008347793445860957
407,2023,661383,"Ortega, Oliver",0.0013429826853176942
408,2023,661395,"Duran, Jhoan",0.0005554967263057694
409,2023,661403,"Clase, Emmanuel",0.003368505223022313
410,2023,661440,"Llovera, Mauricio",0.0012826935613657437
411,2023,661527,"Martinez, Seth",0.0007236682124142008
412,2023,662253,"Muñoz, Andrés",0.00133446007892504
413,2023,663158,"Suarez, Robert",0.00010199082742076284
414,2023,663362,"Waldron, Matt",-0.00040633020985869205
415,2023,663372,"Feltner, Ryan",-4.276903377256391e-06
416,2023,663385,"Smith, Chad",0.00108802958633882
417,2023,663423,"Thornton, Trent",0.0009633545592872155
418,2023,663460,"Bubic, Kris",0.0003556218802365949
419,2023,663462,"Campbell, Isaiah",0.0007821203880480177
420,2023,663465,"Allard, Kolby",0.0009030882968890057
421,2023,663474,"McKenzie, Triston",0.0004004565878485593
422,2023,663485,"Sands, Cole",-7.162350721334666e-06
423,2023,663542,"Hudson, Bryan",0.001312952922737416
424,2023,663546,"Hjelle, Sean",0.0009335611793579381
425,2023,663556,"McClanahan, Shane",-7.425963839562962e-05
426,2023,663558,"Moran, Jovani",0.0011674772472513352
427,2023,663559,"Falter, Bailey",0.0003019586455293488
428,2023,663562,"Davis, Noah",0.0006730846306849775
429,2023,663567,"Lambert, Peter",0.00010918492980202242
430,2023,663623,"Irvin, Jake",0.0009525219669465209
431,2023,663658,"Ward, Thaddeus",0.0015131564011125816
432,2023,663687,"Harris, Hogan",8.147167954948243e-05
433,2023,663704,"McArthur, James",0.001424476856975533
434,2023,663738,"Lynch IV, Daniel",6.820117463416851e-05
435,2023,663752,"Morris, Cody",0.00040037796732177774
436,2023,663753,"Knehr, Reiss",0.0004545954284380014
437,2023,663765,"Woodford, Jake",0.0009735933452774345
438,2023,663773,"Hoeing, Bryan",0.0007656725265695277
439,2023,663776,"Sandoval, Patrick",0.00020238102772109504
440,2023,663804,"Kowar, Jackson",5.1876614248415684e-05
441,2023,663855,"Hicks, Jordan",0.0013710471130358001
442,2023,663878,"Pearson, Nate",0.0008574511282301416
443,2023,663903,"Singer, Brady",0.000745899867243194
444,2023,663941,"Beck, Tristan",0.0007154139501890012
445,2023,663947,"Holton, Tyler",0.00018351276728656075
446,2023,663978,"Paddack, Chris",-2.9191702230382288e-05
447,2023,663986,"Stephan, Trevor",0.00032157748255728935
448,2023,663989,"Vespi, Nick",0.0033510779384404643
449,2023,663992,"Lovelady, Richard",0.0007648430342173652
450,2023,664028,"Kennedy, Brett",0.0002529640104015963
451,2023,664062,"Gonsolin, Tony",-0.0002486416432239569
452,2023,664076,"Cleavinger, Garrett",0.0007536249655285078
453,2023,664126,"Fairbanks, Pete",0.0005708837023959799
454,2023,664139,"Gibaut, Ian",-3.016494032750018e-05
455,2023,664192,"Lucchesi, Joey",0.0014146839963634873
456,2023,664199,"Clarke, Taylor",0.000548536705560211
457,2023,664208,"Maton, Phil",0.0031697893915948834
458,2023,664285,"Valdez, Framber",0.0008144109816372208
459,2023,664294,"Moreta, Dauri",0.0016112615459704176
460,2023,664299,"Javier, Cristian",0.0007180250582790274
461,2023,664353,"Urquidy, José",0.0004888617217387132
462,2023,664747,"Díaz, Alexis",0.0006634774059426588
463,2023,664776,"Cousins, Jake",0.0011196265607338613
464,2023,664849,"Young, Danny",0.0011758532825858964
465,2023,664854,"Helsley, Ryan",0.0006955849196257155
466,2023,664875,"Lawrence, Justin",0.0013349346807563795
467,2023,664942,"Naile, James",0.001121407269563472
468,2023,664948,"Misiewicz, Anthony",0.001708284945220028
469,2023,665001,"Kelley, Trevor",0.0008422184101369271
470,2023,665048,"Harris, Hobie",0.0009525523527351519
471,2023,665152,"Kremer, Dean",0.000473352582068445
472,2023,665620,"García, Deivi",-1.796228557995839e-05
473,2023,665622,"Medina, Luis",0.0005620716451374267
474,2023,665625,"Peguero, Elvis",0.0013277466650722424
475,2023,665665,"Sanmartin, Reiver",-0.0003812806150731118
476,2023,665734,"Felipe, Angel",0.0007686929902698763
477,2023,665795,"Cabrera, Edward",-1.4114827248407682e-05
478,2023,665871,"Assad, Javier",0.0007245512095466424
479,2023,665896,"Marte, José",-0.00017941814345624323
480,2023,666129,"Garrett, Braxton",0.0007034392475197924
481,2023,666142,"Ragans, Cole",-7.364826846463949e-05
482,2023,666154,"Kauffmann, Karl",0.00013125839755002793
483,2023,666157,"Lodolo, Nick",3.4171763090923118e-06
484,2023,666159,"Manning, Matt",0.0004648570482474351
485,2023,666168,"Thompson, Mason",0.0014892154645395831
486,2023,666200,"Luzardo, Jesús",-0.0001513857647392992
487,2023,666201,"Manoah, Alek",0.0005475204981830678
488,2023,666204,"Jiménez, Dany",0.0009734996394597585
489,2023,666205,"Muller, Kyle",0.0005124418712472135
490,2023,666214,"Wentz, Joey",0.0001013673330110844
491,2023,666277,"Soriano, George",-0.00021119462262341124
492,2023,666364,"Balazovic, Jordan",0.0004378131938858495
493,2023,666374,"Brash, Matt",0.001292972135799679
494,2023,666619,"Santos, Gregory",0.0013497534217840684
495,2023,666720,"Rodríguez, Yerry",0.0003568199714119007
496,2023,666721,"Castillo, Max",0.000345681819006657
497,2023,666745,"Brito, Jhony",-7.295692336551278e-05
498,2023,666808,"Doval, Camilo",0.0010714429446654833
499,2023,666818,"Frías, Luis",0.0008811835891598172
500,2023,666974,"Cano, Yennier",0.0005886384471670326
501,2023,667427,"Jackson, Zach",0.0009244450660659229
502,2023,667463,"King, John",-0.00036215342420199155
503,2023,667755,"Soriano, José",0.0006562320880708393
504,2023,668338,"Miller, Tyson",0.000626145250524016
505,2023,668665,"Nogosek, Stephen",0.0003843198957334553
506,2023,668674,"Erceg, Lucas",0.000658217834806278
507,2023,668676,"Plesac, Zach",0.00021658614476796867
508,2023,668678,"Gallen, Zac",0.00045949450426553386
509,2023,668754,"Bristo, Braden",0.001511031340720641
510,2023,668868,"Thompson, Zack",0.000619674696678584
511,2023,668873,"Kilian, Caleb",0.000949560549937134
512,2023,668881,"Greene, Hunter",0.0002029499469781202
513,2023,668909,"Williams, Gavin",0.00036570263626641496
514,2023,668933,"Ashcraft, Graham",0.0028196011374051018
515,2023,668941,"Romero, JoJo",0.00037685882057972124
516,2023,668970,"Hollowell, Gavin",0.0011682918141539614
517,2023,668984,"Legumina, Casey",0.00023339992777972812
518,2023,669022,"Gore, MacKenzie",0.0008064848515993901
519,2023,669060,"Wilson, Bryse",0.0008859225723842779
520,2023,669084,"Hall, DL",0.0005114820463362162
521,2023,669093,"Estrada, Jeremiah",0.0011242926016550717
522,2023,669145,"Zimmermann, Bruce",0.0004362312836573924
523,2023,669160,"May, Dustin",0.00038456666227570084
524,2023,669169,"Heasley, Jonathan",0.00044181899110190645
525,2023,669194,"Nelson, Ryne",6.171251222573726e-05
526,2023,669203,"Burnes, Corbin",0.0023463624625219026
527,2023,669211,"Akin, Keegan",0.00011717591767496113
528,2023,669212,"Morgan, Eli",-0.00013692463042737216
529,2023,669270,"Kuhnel, Joel",0.0005686958784200689
530,2023,669276,"Lee, Dylan",0.00043958948293621635
531,2023,669302,"Gilbert, Logan",0.0005193049125648501
532,2023,669330,"Wells, Tyler",0.00036700002726585275
533,2023,669373,"Skubal, Tarik",0.00010015646752050956
534,2023,669387,"Mlodzinski, Carmen",-6.081365608755397e-05
535,2023,669395,"Coleman, Dylan",0.0008374903297762422
536,2023,669424,"Lambert, Jimmy",0.0004315419952311957
537,2023,669432,"Rogers, Trevor",0.00019108515491139143
538,2023,669438,"Englert, Mason",9.992473141439837e-05
539,2023,669456,"Bieber, Shane",0.0007849282864415945
540,2023,669459,"Nelson, Kyle",0.0009637293560392421
541,2023,669461,"Liberatore, Matthew",0.0006368455973532843
542,2023,669467,"Pallante, Andre",0.0010251702595977577
543,2023,669618,"Barlow, Joe",0.0006646380532269512
544,2023,669674,"Long, Sam",3.994384451211768e-05
545,2023,669684,"Murphy, Chris",0.00038703479618441676
546,2023,669711,"Weissert, Greg",0.0010068094315421744
547,2023,669713,"Wesneski, Hayden",0.0008215914663981509
548,2023,669721,"Daniel, Davis",-1.3107751734138862e-05
549,2023,669796,"Hernandez, Jose E.",0.0006352123725685173
550,2023,669854,"Blanco, Ronel",0.0008084048499199387
551,2023,669912,"Snead, Kirby",0.000657605716611752
552,2023,669923,"Kirby, George",0.0007503711182200352
553,2023,669947,"Scholtens, Jesse",0.0002703806387951656
554,2023,669952,"White, Mitch",0.0007136692858764962
555,2023,670036,"Festa, Matt",0.0006507188126017129
556,2023,670046,"Rosenberg, Kenny",-0.00012408534139792885
557,2023,670059,"Holderman, Colin",0.0013817245138639746
558,2023,670102,"Francis, Bowden",0.0005778392599264866
559,2023,670124,"Oller, Adam",0.0005103907380291078
560,2023,670167,"Schreiber, John",0.0002725541322017944
561,2023,670174,"Winckowski, Josh",0.0007550062061886245
562,2023,670183,"Acton, Garrett",0.0008570578959463708
563,2023,670241,"Vines, Darius",0.000696104218615633
564,2023,670280,"Bednar, David",-0.0001845704395512603
565,2023,670329,"Garcia, Rico",0.00024097568181451093
566,2023,670766,"McCaughan, Darren",0.0008474094205227285
567,2023,670810,"Gillaspie, Logan",0.00041195073076373366
568,2023,670912,"Oviedo, Johan",0.0004559095196874101
569,2023,670950,"Richards, Trevor",0.000770739795864522
570,2023,670970,"Morejon, Adrian",0.00019303521635806038
571,2023,670990,"Ramírez, Yohan",0.0011343650347170422
572,2023,671096,"Abbott, Andrew",-7.893778616161119e-05
573,2023,671106,"Allen, Logan",0.0005853108797490763
574,2023,671111,"Peralta, Sammy",-0.00020155490935786408
575,2023,671131,"Rutledge, Jackson",0.0006287847529063416
576,2023,671212,"Boyle, Joe",0.001115388476703568
577,2023,671345,"Foley, Jason",0.00034898417009671877
578,2023,671737,"Bradley, Taj",0.0001552006181999281
579,2023,672282,"Detmers, Reid",0.0003438053001890123
580,2023,672335,"Pérez, Cionel",0.0011008447397559044
581,2023,672391,"Ort, Kaleb",0.0007676138247761105
582,2023,672578,"Hernández, Carlos",0.0003934377711686916
583,2023,672582,"Zerpa, Angel",0.00024011571092216082
584,2023,672710,"Contreras, Roansy",0.0005200948168789995
585,2023,672715,"Patiño, Luis",0.0006308238269970518
586,2023,672730,"Then, Juan",7.901505872136848e-05
587,2023,672851,"Adon, Joan",0.000262089268127836
588,2023,673540,"Senga, Kodai",0.00021998611414356456
589,2023,674003,"Bradford, Cody",-0.0004739732784852745
590,2023,674072,"Henry, Tommy",0.00021365114012174085
591,2023,674285,"Salazar, Eduardo",0.0009734825370307619
592,2023,674370,"Bido, Osvaldo",0.00035314070155788253
593,2023,674444,"Cruz, Steven",0.0012580723980156411
594,2023,675540,"Curry, Xzavion",0.0002974802815177648
595,2023,675627,"Grove, Michael",0.0010176717686277326
596,2023,675911,"Strider, Spencer",0.0006213978583676685
597,2023,675916,"Karinchak, James",0.0010161486321027182
598,2023,675989,"Bolton, Cody",0.00016081470607892868
599,2023,676083,"Junk, Janson",-6.089302382072371e-06
600,2023,676092,"Snider, Collin",0.0013105571340252715
601,2023,676106,"Hancock, Emerson",7.989010336753885e-05
602,2023,676130,"Buttó, José",2.41361213232673e-05
603,2023,676206,"Tarnok, Freddy",8.534470868412129e-05
604,2023,676254,"Walker, Ryan",0.0011790277150760746
605,2023,676265,"Abbott, Cory",0.0005382976948482346
606,2023,676272,"Miller, Bobby",0.00012496658704456697
607,2023,676395,"Garcia, Robert",0.00011447109990096804
608,2023,676440,"Bibee, Tanner",3.756514050791934e-05
609,2023,676477,"Whitlock, Garrett",-0.00040174560272310516
610,2023,676534,"Faucher, Calvin",0.0017680954666750373
611,2023,676596,"Fleming, Josh",-0.00010077792096745121
612,2023,676664,"Sears, JP",0.00034845137903147494
613,2023,676680,"Cosgrove, Tom",0.0009665661545336251
614,2023,676684,"Vest, Will",6.23826218767976e-05
615,2023,676702,"Stratton, Hunter",0.00030709612965367585
616,2023,676710,"Crawford, Kutter",0.0003412228507546192
617,2023,676714,"Hughes, Brandon",0.001110856253498882
618,2023,676760,"Marinaccio, Ron",1.4124230767592488e-05
619,2023,676775,"Winn, Keaton",-0.0001262705473177973
620,2023,676979,"Crochet, Garrett",0.0004216646399315008
621,2023,677020,"Walker, Josh",0.0005506316173849883
622,2023,677053,"Nardi, Andrew",0.00040499000896783644
623,2023,677161,"Kelly, Zack",0.0001067314168466374
624,2023,677651,"Garcia, Luis",0.0011668140877033632
625,2023,677865,"Bruihl, Justin",0.0018009522328114235
626,2023,677944,"Cecconi, Slade",-4.120713833969702e-05
627,2023,677960,"Weathers, Ryan",-0.0001638421664013102
628,2023,678061,"Kerr, Ray",0.00040628584668890935
629,2023,678226,"Hernández, Daysbel",0.001073037518135509
630,2023,678394,"Bello, Brayan",4.671382775210665e-05
631,2023,678606,"Ferrer, Jose A.",0.0004458019266266808
632,2023,679346,"Navarro, Edgar",0.0013589790786870631
633,2023,679525,"Marsh, Alec",0.00024297443253638499
634,2023,679885,"Martinez, Justin",-2.951355369757193e-05
635,2023,680570,"Rodriguez, Grayson",0.00022453184432934557
636,2023,680686,"Gray, Josiah",0.0016224250807812327
637,2023,680689,"Richardson, Lyon",-3.268125108428949e-05
638,2023,680694,"Bradish, Kyle",0.0009097437879528341
639,2023,680704,"Sandlin, Nick",0.0005023459149917628
640,2023,680723,"Rom, Drew",0.0007880163582602211
641,2023,680735,"Cox, Austin",3.8601683898490606e-05
642,2023,680739,"Winder, Josh",0.0006552415729618061
643,2023,680767,"Vodnik, Victor",5.324011057252075e-05
644,2023,681190,"Vásquez, Randy",0.00043468379922039706
645,2023,681217,"Silseth, Chase",0.0008434884665807164
646,2023,681402,"Varland, Gus",0.00039744531725201943
647,2023,681432,"Little, Luke",0.0005578958605622711
648,2023,681806,"Wantz, Andrew",0.00022596566552331117
649,2023,681857,"Olson, Reese",0.00018538514318759195
650,2023,681867,"Criswell, Cooper",0.0010490985976627102
651,2023,681869,"Dubin, Shawn",0.00045385264604305524
652,2023,681882,"Selby, Colin",0.0012766124387462198
653,2023,681892,"Funderburk, Kody",0.00219459091251077
654,2023,681911,"Vesia, Alex",0.0006457288688013143
655,2023,681982,"Anderson, Grant",0.0007879243941298853
656,2023,682010,"Ramsey, Lane",0.0006113447501008869
657,2023,682051,"Hill, Garrett",0.0006341928597885084
658,2023,682052,"Lopez, Jacob",0.00010737910259199507
659,2023,682120,"Herrin, Tim",0.0006390674187730683
660,2023,682171,"Murfee, Penn",0.0008759630548134178
661,2023,682175,"Jacques, Joe",0.0012459213887623844
662,2023,682227,"Williamson, Brandon",-4.6474311052640455e-05
663,2023,682243,"Miller, Bryce",0.000825237096805142
664,2023,682842,"Uribe, Abner",0.001468797934338628
665,2023,682847,"Ortiz, Luis L.",0.00038447720296436665
666,2023,682967,"Sweet, Devin",0.0002154794429123403
667,2023,682990,"Priester, Quinn",0.0006577621073352482
668,2023,683155,"Estes, Joey",-0.00017209532232787987
669,2023,683175,"Phillips, Connor",0.0008200204445419515
670,2023,683232,"Mears, Nick",0.0007250950707458287
671,2023,683769,"Gaddis, Hunter",-7.166953066932785e-05
672,2023,685314,"Saalfrank, Andrew",0.0013082878909712536
673,2023,685410,"Battenfield, Peyton",0.00031405135254613896
674,2023,686218,"Sheehan, Emmet",9.24988746135481e-05
675,2023,686294,"Willingham, Amos",0.0009011563347731599
676,2023,686539,"Cronin, Declan",0.0010902694968956495
677,2023,686610,"Waldichuk, Ken",0.000226269051839456
678,2023,686613,"Brown, Hunter",0.0007574344559589751
679,2023,686651,"Stoudt, Levi",-0.00015879603462411472
680,2023,686654,"Adcock, Ty",0.0006419238330869631
681,2023,686730,"Spiers, Carson",0.0004924133348464964
682,2023,686747,"La Sorsa, Joe",0.001184089309710925
683,2023,686752,"Pepiot, Ryan",-0.0004555435279946258
684,2023,686753,"Jameson, Drey",0.0005380488678182834
685,2023,686826,"Jarvis, Bryce",1.0835999900431595e-05
686,2023,686839,"White, Brendan",0.0008071727339117521
687,2023,686973,"Varland, Louie",0.000812191756433352
688,2023,687145,"Justice, Evan",0.000678777913761433
689,2023,687330,"Kelly, Kevin",0.0013237712628399166
690,2023,687396,"Headrick, Brent",0.0004865387111181228
691,2023,687798,"Robertson, Nick",-0.00020357669871514975
692,2023,687830,"Gipson-Long, Sawyer",0.00020810081464638623
693,2023,687888,"Walter, Brandon",0.0004953071383904293
694,2023,687922,"Lucas, Easton",0.0003635218561286496
695,2023,688427,"Ingram, Kolton",8.788230840922062e-05
696,2023,689147,"Kerkering, Orion",0.0014530346475812653
697,2023,689225,"Brieske, Beau",0.0002362142078485852
698,2023,689266,"Dodd, Dylan",0.0002491180032183909
699,2023,690829,"Joyce, Ben",0.0010541250022332454
700,2023,690986,"Harrison, Kyle",-8.01856649903295e-05
701,2023,691587,"Pérez, Eury",0.0002719990597388615
702,2023,693312,"Nicolas, Kyle",8.626379091896992e-05
703,2023,693433,"Woo, Bryan",0.0011662621073459715
704,2023,693821,"Elder, Bryce",0.0006084783225621672
705,2023,694037,"Palencia, Daniel",0.0008073726850547157
706,2023,694297,"Pfaadt, Brandon",0.00029721316944577816
707,2023,694363,"Shuster, Jared",0.00031011312228768176
708,2023,694813,"Stone, Gavin",-0.00022087380686051808
709,2023,695243,"Miller, Mason",0.0004388149344054594
710,2023,696136,"Wicks, Jordan",0.00014073706696266902
711,2023,696147,"Bachman, Sam",0.0012521419047757808
712,2023,700363,"Smith-Shawver, AJ",0.00033342873588517607
713,2023,701643,"Hartwig, Grant",0.0013901249730690608
714,2024,434378,"Verlander, Justin",0.0005689751012692412
715,2024,445276,"Jansen, Kenley",0.0018556100419450678
716,2024,445926,"Chavez, Jesse",0.0011123301540629982
717,2024,450203,"Morton, Charlie",0.0004097622185367897
718,2024,453286,"Scherzer, Max",-0.0003143866819525411
719,2024,455119,"Martin, Chris",0.00034449401661465473
720,2024,456501,"Cueto, Johnny",-0.00041483616817023937
721,2024,458677,"Wilson, Justin",0.0003406600896422875
722,2024,458681,"Lynn, Lance",0.0012936602088950467
723,2024,471911,"Carrasco, Carlos",0.0003547383417833246
724,2024,472610,"García, Luis",0.0005520482845235761
725,2024,477132,"Kershaw, Clayton",0.00044550591432389856
726,2024,489119,"Miley, Wade",-0.000275393494220536
727,2024,489446,"Yates, Kirby",-0.0001932576562802223
728,2024,493603,"Ottavino, Adam",0.0008937375757747473
729,2024,500779,"Quintana, Jose",0.00023976148935237845
730,2024,502043,"Gibson, Kyle",0.000873150434926325
731,2024,502085,"Robertson, David",0.0031809461625309627
732,2024,502171,"Cobb, Alex",-0.00038831415001600977
733,2024,502179,"Espino, Paolo",0.0005888608025255653
734,2024,502624,"Anderson, Chase",0.0007709392652160404
735,2024,506433,"Darvish, Yu",0.0006870791545308847
736,2024,518397,"Alexander, Scott",0.00039255270977887495
737,2024,518489,"Brasier, Ryan",0.0009992761333964943
738,2024,518585,"Cruz, Fernando",0.00046860743326501285
739,2024,518617,"Diekman, Jake",0.0005187101894293697
740,2024,518876,"Kelly, Merrill",0.0003858994800037463
741,2024,518886,"Kimbrel, Craig",0.0007043814283253147
742,2024,519008,"McFarland, T.J.",0.0003800300134852921
743,2024,519043,"Moore, Matt",-2.1124485123289e-05
744,2024,519151,"Pressly, Ryan",0.0005100977608362
745,2024,519242,"Sale, Chris",0.0005704158656539728
746,2024,519293,"Smith, Will",0.0008270888340421025
747,2024,519326,"Strickland, Hunter",0.0006270680314150969
748,2024,523260,"Kelly, Joe",0.0012767732475212192
749,2024,527048,"Pérez, Martín",0.00014793863171668018
750,2024,528748,"Castellanos, Humberto",0.0007830053895672412
751,2024,541640,"Ramírez, Erasmo",0.0009008878483344642
752,2024,542585,"Cisnero, José",0.00023273525013582628
753,2024,542881,"Anderson, Tyler",-4.117036221604457e-05
754,2024,542888,"Armstrong, Shawn",0.0009185358960315197
755,2024,543037,"Cole, Gerrit",0.00016743052596345743
756,2024,543056,"Coulombe, Danny",0.0017078654887621566
757,2024,543135,"Eovaldi, Nathan",-0.00040501248529971437
758,2024,543243,"Gray, Sonny",0.0009211665623269422
759,2024,543294,"Hendricks, Kyle",-0.0004397960295463895
760,2024,543339,"Hudson, Daniel",0.0007254966042727318
761,2024,543351,"Jackson, Jay",0.0007722159117181773
762,2024,543518,"McGough, Scott",0.00030910419251633424
763,2024,543859,"Tonkin, Michael",0.0006721114190164532
764,2024,544150,"Suárez, Albert",0.0007057277874288517
765,2024,547001,"Poteet, Cody",4.913507824891927e-05
766,2024,547179,"Lorenzen, Michael",-3.3083033834234176e-05
767,2024,547184,"Kelly, Michael",0.0012407935437476665
768,2024,547973,"Chapman, Aroldis",0.0010289797210821365
769,2024,548384,"Raley, Brooks",0.001982039434744421
770,2024,548389,"Stripling, Ross",0.0002928757181152172
771,2024,552640,"Kittredge, Andrew",0.0011374393092957776
772,2024,554340,"García, Yimi",0.0004817520616402552
773,2024,554430,"Wheeler, Zack",0.0005148514455511181
774,2024,554431,"Matzek, Tyler",0.0007495474508980184
775,2024,570257,"Rodríguez, Joely",-0.00011296367976077493
776,2024,570632,"Ureña, José",0.00012294184334129548
777,2024,571510,"Boyd, Matthew",-0.0003476127563071473
778,2024,571539,"Carasiti, Matt",0.0011701829483555756
779,2024,571578,"Corbin, Patrick",0.001359370273627317
780,2024,571656,"Farmer, Buck",4.0841066746367365e-06
781,2024,571670,"Floro, Dylan",0.00038483798462070687
782,2024,571760,"Heaney, Andrew",-3.842843012168143e-05
783,2024,571882,"Law, Derek",0.0018540049704894577
784,2024,571927,"Matz, Steven",-6.933882417490948e-05
785,2024,571945,"Mikolas, Miles",0.0004740567592243874
786,2024,571946,"Miller, Shelby",-0.00022373138381266166
787,2024,571948,"Milner, Hoby",0.00017344750219205806
788,2024,572020,"Paxton, James",5.832867998933103e-05
789,2024,572143,"Smith, Burch",0.000543840110943597
790,2024,572955,"Johnson, Pierce",0.0016789956419949092
791,2024,572971,"Keuchel, Dallas",-0.0005642714081547667
792,2024,573009,"Mantiply, Joe",0.0003549434887024254
793,2024,573124,"Rogers, Taylor",0.0012853979678305702
794,2024,573186,"Stroman, Marcus",0.0007545513244309944
795,2024,573204,"Thielbar, Caleb",0.0005944493389851879
796,2024,579328,"Kikuchi, Yusei",9.344203875917174e-05
797,2024,592094,"Adam, Jason",9.645914287416784e-06
798,2024,592155,"Booser, Cam",0.0009848153004292093
799,2024,592288,"Emanuel, Kent",0.000642609674307508
800,2024,592332,"Gausman, Kevin",0.0003637693088358597
801,2024,592351,"Gray, Jon",-3.224065978938204e-05
802,2024,592426,"Jackson, Luke",0.0012319714995201968
803,2024,592454,"Kahnle, Tommy",0.002080826920583462
804,2024,592662,"Ray, Robbie",0.0006757902572797076
805,2024,592767,"Smyly, Drew",0.0016508652593765364
806,2024,592773,"Stanek, Ryne",0.00039206164591503324
807,2024,592779,"Stewart, Brock",0.0007883070580651074
808,2024,592791,"Taillon, Jameson",0.000441238322960205
809,2024,592836,"Walker, Taijuan",0.00031429269425846005
810,2024,592866,"Williams, Trevor",0.0005499338871248915
811,2024,593334,"Germán, Domingo",0.00012388624885391921
812,2024,593423,"Montas, Frankie",0.00013069248173658483
813,2024,593576,"Neris, Héctor",0.0009284933687637434
814,2024,593958,"Rodriguez, Eduardo",0.00024109496323713257
815,2024,593974,"Peralta, Wandy",1.6943434449793452e-05
816,2024,594580,"Moll, Sam",0.0005382535211268197
817,2024,594798,"deGrom, Jacob",-0.00015747977666550814
818,2024,594835,"Gonzales, Marco",-5.920893437785358e-05
819,2024,594902,"Lively, Ben",0.0007159382339377717
820,2024,595014,"Treinen, Blake",0.0011591935417396813
821,2024,595345,"Okert, Steven",0.0011398650995868623
822,2024,595881,"Beede, Tyler",3.0264439420946567e-05
823,2024,595897,"Burdi, Nick",0.000529946095903092
824,2024,596001,"Junis, Jakob",0.0004550787464324869
825,2024,596133,"Weaver, Luke",-6.76438183139696e-05
826,2024,596295,"Gomber, Austin",0.0001602354690025487
827,2024,598264,"Barnes, Matt",0.000315765530992012
828,2024,598286,"Ramirez, Nick",-3.9138318734411055e-06
829,2024,600917,"Leclerc, José",0.0001928860113288448
830,2024,600986,"Vieira, Thyago",0.0010210832679628287
831,2024,601713,"Pivetta, Nick",0.0004635876711568428
832,2024,605121,"Anderson, Justin",0.0007721913153596185
833,2024,605130,"Barlow, Scott",0.0014062212356540681
834,2024,605135,"Bassitt, Chris",0.0007516794789223102
835,2024,605154,"Brebbia, John",0.0008629110032366625
836,2024,605155,"Brewer, Colten",0.0008346360974896986
837,2024,605156,"Brooks, Aaron",0.0006760752863643209
838,2024,605177,"Chafin, Andrew",0.0011110837468045435
839,2024,605182,"Clevinger, Mike",-3.2808965799007366e-05
840,2024,605280,"Holmes, Clay",0.0014977852212035962
841,2024,605288,"Houser, Adrian",0.00032569039528848636
842,2024,605335,"Leibrandt, Brandon",-0.00010904485408426946
843,2024,605347,"López, Jorge",0.0005550807285424874
844,2024,605397,"Musgrove, Joe",0.0007654350290805194
845,2024,605400,"Nola, Aaron",0.0005355303545425262
846,2024,605447,"Romano, Jordan",0.000940218058410137
847,2024,605452,"Ross, Joe",0.00044609459063480486
848,2024,605463,"Scott, Tayler",-5.6822863004800285e-06
849,2024,605483,"Snell, Blake",0.00041027640887392723
850,2024,605488,"Springs, Jeffrey",-0.00013748425133292547
851,2024,605513,"Turnbull, Spencer",0.0006645518830503625
852,2024,606149,"Gallegos, Giovanny",0.0005687989753046348
853,2024,606160,"Montero, Rafael",0.0006584133894080847
854,2024,606303,"Payamps, Joel",0.00024859533281294674
855,2024,606930,"Barnes, Jacob",0.0008684246377400759
856,2024,606965,"Devenski, Chris",0.0002121283456347118
857,2024,607067,"Rea, Colin",0.0004949089925453125
858,2024,607074,"Rodón, Carlos",-2.601130804968016e-05
859,2024,607179,"Weems, Jordan",0.0007743368573211686
860,2024,607192,"Glasnow, Tyler",0.0006781946492863184
861,2024,607200,"Fedde, Erick",0.000791482940448917
862,2024,607237,"Garrett, Amir",0.0011794778033881518
863,2024,607259,"Martinez, Nick",-0.00013074441219101547
864,2024,607455,"Banda, Anthony",0.0005711938059716021
865,2024,607481,"Bummer, Aaron",0.0013961714702268556
866,2024,607536,"Freeland, Kyle",0.00042460115309195793
867,2024,607625,"Lugo, Seth",0.0005112160401173224
868,2024,607644,"Means, John",0.0003060702167383802
869,2024,608032,"Estévez, Carlos",0.0003330527984478624
870,2024,608331,"Fried, Max",0.0005398833447815324
871,2024,608334,"Fulmer, Carson",1.4836195922358438e-06
872,2024,608344,"Irvin, Cole",0.0005106340213877349
873,2024,608371,"Sims, Lucas",0.0011544443354636815
874,2024,608379,"Wacha, Michael",4.9063956953924856e-05
875,2024,608638,"Chargois, JT",0.0013798585808182985
876,2024,608648,"Duffey, Tyler",0.00047163292902221987
877,2024,608678,"Leone, Dominic",0.0004284164420914177
878,2024,608717,"Stratton, Chris",0.000174976068929483
879,2024,608718,"Suter, Brent",-0.0001036630201281889
880,2024,608723,"Voth, Austin",0.0015652037801012412
881,2024,612434,"Castro, Miguel",0.0006806698700101381
882,2024,613534,"Adams, Austin",0.0015044981558852612
883,2024,614179,"Ruiz, José",0.0008038563639956611
884,2024,615698,"Quantrill, Cal",0.0004166468247456841
885,2024,620982,"Pinto, Ricardo",-0.00013729331444031407
886,2024,621016,"Cuas, Jose",0.00104064312998287
887,2024,621051,"Wilson, Steven",0.00037862318884905214
888,2024,621053,"Ferguson, Tyler",0.0007542569006822336
889,2024,621097,"Waguespack, Jacob",0.0002962104158265785
890,2024,621107,"Eflin, Zach",0.0010968458940294474
891,2024,621111,"Buehler, Walker",0.0005824704833369459
892,2024,621112,"Blackburn, Paul",0.0007107986212708241
893,2024,621114,"Burr, Ryan",0.0009121198792843179
894,2024,621199,"Bowman, Matt",0.0010229694064181835
895,2024,621237,"Alvarado, José",0.0013492361086114484
896,2024,621242,"Díaz, Edwin",0.0011514927405814526
897,2024,621244,"Berríos, José",0.0005352760503370012
898,2024,621294,"Heller, Ben",0.0004960187653372258
899,2024,621345,"Minter, A.J.",0.0005379586188173006
900,2024,621363,"Poche, Colin",0.0004582098505736999
901,2024,621366,"Borucki, Ryan",0.001094369337524803
902,2024,621381,"Strahm, Matt",0.0007320667068401032
903,2024,621383,"Banks, Tanner",0.00018036800253489163
904,2024,621389,"Blach, Ty",0.0006227790575362802
905,2024,622065,"Young, Alex",6.613219968192742e-05
906,2024,622072,"Wood, Alex",-0.00045376098738628574
907,2024,622075,"Almonte, Yency",0.0010899224451192844
908,2024,622098,"Smith, Drew",0.0003784628927485625
909,2024,622250,"Sborz, Josh",0.0002696657063582021
910,2024,622251,"Staumont, Josh",0.0018380336475903897
911,2024,622253,"Tate, Dillon",0.0008268943854350571
912,2024,622259,"Wingenter, Trey",0.0006820486278523479
913,2024,622491,"Castillo, Luis",0.0006892934323925912
914,2024,622554,"Domínguez, Seranthony",0.0009543515615005146
915,2024,622608,"Senzatela, Antonio",9.748334784265182e-05
916,2024,622663,"Severino, Luis",0.0008315400787716348
917,2024,622694,"Hernández, Elieser",-0.00013694342595927715
918,2024,622786,"Tinoco, Jesus",0.000876190566816487
919,2024,623149,"Sewald, Paul",0.00024151436956858818
920,2024,623167,"Flexen, Chris",0.00020271155559606317
921,2024,623211,"Brazobán, Huascar",0.00011047063556359561
922,2024,623352,"Hader, Josh",0.0012294732961699998
923,2024,623433,"Anderson, Nick",0.0007004471079707194
924,2024,623465,"Phillips, Evan",0.0008219877531498016
925,2024,623474,"Herget, Jimmy",0.0009658770942145835
926,2024,624133,"Suárez, Ranger",1.538387892810657e-05
927,2024,624522,"Thompson, Keegan",0.0005306489047197289
928,2024,624647,"González, Victor",0.00042112666255920885
929,2024,625643,"López, Reynaldo",0.0006091890072583236
930,2024,628317,"Maeda, Kenta",0.00025456880376901634
931,2024,628452,"Iglesias, Raisel",0.0006737358289729497
932,2024,628708,"Marte, Yunior",0.0008161252477915872
933,2024,630023,"Chirinos, Yonny",-8.843679092325362e-06
934,2024,640448,"Finnegan, Kyle",0.0007580695600789177
935,2024,640451,"Harvey, Hunter",0.0004387229538862112
936,2024,640455,"Manaea, Sean",0.0007668223642465047
937,2024,640462,"Puk, A.J.",0.0005473980972476235
938,2024,640470,"Alzolay, Adbert",0.0009254487114792951
939,2024,641149,"Parsons, Wes",0.0010974521438996238
940,2024,641154,"López, Pablo",9.323492826737593e-05
941,2024,641302,"Alexander, Tyler",0.00020681811304437074
942,2024,641312,"Anderson, Shaun",-0.00012157041338966593
943,2024,641329,"Baker, Bryan",6.254795628473939e-05
944,2024,641360,"Bickford, Phil",0.0009699151834351984
945,2024,641482,"Cortes, Nestor",0.00010001219047869955
946,2024,641540,"Dunning, Dane",0.0005381185202202001
947,2024,641582,"Foster, Matt",0.00042552362025596895
948,2024,641585,"France, J.P.",0.0004472318435260375
949,2024,641656,"Hamilton, Ian",0.001230634323323829
950,2024,641703,"Honeywell, Brent",0.0006017771424500399
951,2024,641712,"Hudson, Dakota",0.0005831814345571999
952,2024,641726,"Jefferies, Daulton",0.00020193582708959618
953,2024,641729,"Jiménez, Joe",0.0009180647649836813
954,2024,641745,"Keller, Brad",0.0005551573516657155
955,2024,641755,"Kinley, Tyler",0.0011449443248321097
956,2024,641771,"Kuhl, Chad",0.001011957758994139
957,2024,641793,"Littell, Zack",0.001178593421376756
958,2024,641816,"Mahle, Tyler",-0.0007343047672128627
959,2024,641835,"Mayza, Tim",0.0014295860769760725
960,2024,641927,"Ober, Bailey",8.373952381218959e-05
961,2024,641941,"Pagán, Emilio",0.00042760343959078704
962,2024,642016,"Robert, Daniel",0.0002972280402158546
963,2024,642028,"Rogers, Josh",0.0007843792810742714
964,2024,642048,"Saucedo, Tayler",0.000660740215410605
965,2024,642100,"Speier, Gabe",0.001171457564764828
966,2024,642121,"Sulser, Cole",0.000512640745246404
967,2024,642207,"Williams, Devin",-0.00012653816741806166
968,2024,642216,"Winans, Allan",0.0004852087661319427
969,2024,642232,"Yarbrough, Ryan",0.0005106680248057402
970,2024,642239,"Zastryzny, Rob",0.0003033623185794832
971,2024,642397,"Soto, Gregory",0.0011789345490982803
972,2024,642520,"Garabito, Gerson",0.00028397900086946657
973,2024,642546,"Hernández, Jonathan",0.0008804842865168819
974,2024,642547,"Peralta, Freddy",-0.00011169899027799375
975,2024,642629,"Ramirez, Emmanuel",5.53889386299849e-05
976,2024,642701,"Santana, Dennis",0.00043867318568309715
977,2024,642834,"Bermúdez, Jonathan",0.00025271125718188866
978,2024,643256,"Cimber, Adam",0.0010171439747872855
979,2024,643338,"Green, Chad",0.0008153437828687917
980,2024,643361,"Herget, Kevin",0.00042066426982911815
981,2024,643377,"Jax, Griffin",0.0005699440717432819
982,2024,643410,"Leiter Jr., Mark",0.0009157445216231522
983,2024,643511,"Rogers, Tyler",0.0011061425986527789
984,2024,646242,"Díaz, Jhonathan",0.0002028405423829177
985,2024,647315,"Pop, Zach",0.0013528362699575115
986,2024,647336,"Soroka, Michael",0.0006581323959469942
987,2024,650556,"Abreu, Bryan",0.0008895327894624165
988,2024,650633,"King, Michael",0.00033499768658021886
989,2024,650644,"Civale, Aaron",0.001120412038621859
990,2024,650671,"Quijada, José",0.0017229142435846838
991,2024,650893,"Cabrera, Génesis",0.0009105468031689327
992,2024,650895,"Castillo, Diego",0.0012433371816983375
993,2024,650911,"Sánchez, Cristopher",-0.0003068822655236967
994,2024,655889,"Rodríguez, Manuel",0.0007829162115656205
995,2024,656222,"Beeks, Jalen",0.00014465644713151108
996,2024,656232,"Bielak, Brandon",0.0002552833136198863
997,2024,656234,"Bird, Jake",0.0015093644475651354
998,2024,656240,"Blewett, Scott",0.0004470967933518364
999,2024,656271,"Burke, Brock",0.000431943513646597
1000,2024,656288,"Canning, Griffin",-9.280429080031112e-05
1001,2024,656302,"Cease, Dylan",0.0009013608425763546
1002,2024,656354,"Davis, Austin",0.0014311008428945235
1003,2024,656412,"Faedo, Alex",5.80487722632557e-05
1004,2024,656420,"Feyereisen, J.P.",-0.0002665216916153029
1005,2024,656427,"Flaherty, Jack",0.00036372086402430365
1006,2024,656457,"Gilbert, Tyler",0.0007560430422978106
1007,2024,656464,"Ginkel, Kevin",0.0007529498471513139
1008,2024,656529,"Hentges, Sam",0.0009884749132354042
1009,2024,656546,"Hoffman, Jeff",0.00043609379685876466
1010,2024,656550,"Holmes, Grant",0.0013025605715453032
1011,2024,656557,"Houck, Tanner",0.0006733221047998758
1012,2024,656605,"Keller, Mitch",0.0008330259552998551
1013,2024,656629,"Kopech, Michael",0.0008849566043012259
1014,2024,656638,"Lange, Alex",0.0007533832581574031
1015,2024,656641,"Latz, Jacob",3.607320392650646e-05
1016,2024,656730,"Megill, Trevor",0.0007569980432660926
1017,2024,656731,"Megill, Tylor",0.0007251797842504633
1018,2024,656756,"Montgomery, Jordan",1.2007952583274478e-05
1019,2024,656786,"Mushinski, Parker",0.001594298312822798
1020,2024,656794,"Newcomb, Sean",0.0002953912485434538
1021,2024,656848,"Petersen, Michael",0.00036530866819864486
1022,2024,656849,"Peterson, David",0.00031888618466561293
1023,2024,656876,"Rasmussen, Drew",0.001097409302242841
1024,2024,656887,"Reid-Foley, Sean",0.0005803416730952874
1025,2024,656924,"Ryan, Ryder",0.0012013017489802317
1026,2024,656945,"Scott, Tanner",0.0005331385411436708
1027,2024,657006,"Steele, Justin",0.0007047452487052848
1028,2024,657024,"Swanson, Erik",0.00024364696480715111
1029,2024,657044,"Thompson, Ryan",0.0017352484803115462
1030,2024,657053,"Toussaint, Touki",-0.0001644283300478322
1031,2024,657097,"Webb, Jacob",0.0002921702077158002
1032,2024,657240,"Merryweather, Julian",0.0003141314558596313
1033,2024,657265,"Strzelecki, Peter",2.1369906508453658e-05
1034,2024,657277,"Webb, Logan",-8.298566343312263e-05
1035,2024,657376,"Schmidt, Clarke",0.0022293522753935487
1036,2024,657508,"Baumann, Mike",0.0009734837781924258
1037,2024,657514,"Bernardino, Brennan",0.0014687711923137615
1038,2024,657571,"Ferguson, Caleb",0.0007195693167297389
1039,2024,657585,"Garrett, Reed",0.0005435630666193989
1040,2024,657612,"Hill, Tim",0.0023524754856689904
1041,2024,657649,"Koenig, Jared",0.0005287518161062773
1042,2024,657697,"Nittoli, Vinny",0.0031423487393591348
1043,2024,657746,"Ryan, Joe",0.00027521072662575746
1044,2024,658648,"Avila, Pedro",0.0007935667389607436
1045,2024,660600,"Paredes, Enoli",0.0008668540600573582
1046,2024,660761,"Suarez, José",-3.157832718263543e-05
1047,2024,660813,"Graterol, Brusdar",0.0009721139204018843
1048,2024,660825,"Bazardo, Eduard",0.0007156239694171651
1049,2024,660853,"De Los Santos, Enyel",0.00036615939452026543
1050,2024,660896,"Alcala, Jorge",0.0007467507204392093
1051,2024,661395,"Duran, Jhoan",0.000571762126824275
1052,2024,661403,"Clase, Emmanuel",0.003241712709940434
1053,2024,661527,"Martinez, Seth",0.0004338139909320839
1054,2024,661563,"Gil, Luis",0.00029792669044592163
1055,2024,662253,"Muñoz, Andrés",0.0013678420618542734
1056,2024,663158,"Suarez, Robert",0.0012512706505313027
1057,2024,663321,"Hernandez, Nick",0.0009679754846498639
1058,2024,663362,"Waldron, Matt",-0.00044386353132572204
1059,2024,663372,"Feltner, Ryan",0.00019039804877187813
1060,2024,663423,"Thornton, Trent",0.0014150813847331137
1061,2024,663432,"Rainey, Tanner",0.0007527840068847388
1062,2024,663436,"Martin, Davis",0.0001362843722328418
1063,2024,663460,"Bubic, Kris",7.035425563915176e-05
1064,2024,663462,"Campbell, Isaiah",0.002095834867889173
1065,2024,663465,"Allard, Kolby",0.00019159814733710746
1066,2024,663474,"McKenzie, Triston",0.0005034352148168672
1067,2024,663485,"Sands, Cole",0.00046658643036427846
1068,2024,663531,"Allen, Logan",0.0005030236139415228
1069,2024,663542,"Hudson, Bryan",-9.725892081107719e-06
1070,2024,663546,"Hjelle, Sean",0.0012433706608058512
1071,2024,663554,"Mize, Casey",6.137676688819889e-05
1072,2024,663559,"Falter, Bailey",0.0007929700933791933
1073,2024,663562,"Davis, Noah",0.00045159966162935895
1074,2024,663567,"Lambert, Peter",0.00024502687156389204
1075,2024,663568,"Kolek, Stephen",0.0007758131653158365
1076,2024,663574,"Santillan, Tony",0.0005417173960489518
1077,2024,663623,"Irvin, Jake",0.0009459670717545418
1078,2024,663687,"Harris, Hogan",0.0001312560034109773
1079,2024,663704,"McArthur, James",0.0012850495163781708
1080,2024,663738,"Lynch IV, Daniel",0.00024025428283652327
1081,2024,663765,"Woodford, Jake",0.0006772458601954416
1082,2024,663767,"Shugart, Chase",0.0004445450359929874
1083,2024,663773,"Hoeing, Bryan",0.0002645755342161377
1084,2024,663776,"Sandoval, Patrick",0.00033055183837101844
1085,2024,663855,"Hicks, Jordan",0.001172227824234411
1086,2024,663878,"Pearson, Nate",0.0008243294267377319
1087,2024,663893,"Little, Brendon",0.0016475476056139278
1088,2024,663903,"Singer, Brady",0.0010429837761565855
1089,2024,663941,"Beck, Tristan",0.0001735987715864878
1090,2024,663947,"Holton, Tyler",0.0006688466562378995
1091,2024,663969,"Phillips, Tyler",0.000842123051774867
1092,2024,663978,"Paddack, Chris",0.00012404550561437305
1093,2024,663989,"Vespi, Nick",0.0034319153995420806
1094,2024,663992,"Lovelady, Richard",0.0010964346787158768
1095,2024,664076,"Cleavinger, Garrett",0.0012492233271470248
1096,2024,664079,"Jay, Tyler",0.001013001917246691
1097,2024,664126,"Fairbanks, Pete",0.000323783253069529
1098,2024,664129,"Hartlieb, Geoff",0.0009671336012492354
1099,2024,664192,"Lucchesi, Joey",0.0012298941888393578
1100,2024,664208,"Maton, Phil",0.0028150074941156377
1101,2024,664285,"Valdez, Framber",0.0005496568320029558
1102,2024,664299,"Javier, Cristian",5.660950735769591e-05
1103,2024,664350,"Sánchez, Sixto",0.0002151258276241853
1104,2024,664351,"Contreras, Luis",0.0007340380483175375
1105,2024,664747,"Díaz, Alexis",0.0006185042848407499
1106,2024,664776,"Cousins, Jake",0.0015320746971611266
1107,2024,664849,"Young, Danny",0.0014260033439908967
1108,2024,664854,"Helsley, Ryan",0.0008411098778686242
1109,2024,664875,"Lawrence, Justin",0.001266584919449426
1110,2024,665152,"Kremer, Dean",0.0003298536165884206
1111,2024,665620,"García, Deivi",7.167437227139167e-05
1112,2024,665622,"Medina, Luis",0.0005067618912068888
1113,2024,665625,"Peguero, Elvis",0.0013111102476253524
1114,2024,665795,"Cabrera, Edward",-7.075454979406641e-05
1115,2024,665871,"Assad, Javier",0.000808707891769855
1116,2024,665896,"Marte, José",0.00031620983938917635
1117,2024,666129,"Garrett, Braxton",6.366746567473082e-05
1118,2024,666142,"Ragans, Cole",1.9721109987060573e-05
1119,2024,666157,"Lodolo, Nick",-2.9350435019527835e-05
1120,2024,666159,"Manning, Matt",0.000287598501504385
1121,2024,666171,"Zeferjahn, Ryan",0.0007945576575885283
1122,2024,666200,"Luzardo, Jesús",-0.00020940781006516227
1123,2024,666201,"Manoah, Alek",0.0006517304582655033
1124,2024,666204,"Jiménez, Dany",0.000868489609473764
1125,2024,666205,"Muller, Kyle",0.0002868702223364131
1126,2024,666207,"Pint, Riley",0.0008019703105511429
1127,2024,666214,"Wentz, Joey",6.835620700445705e-05
1128,2024,666277,"Soriano, George",9.82040656945295e-06
1129,2024,666619,"Santos, Gregory",0.0010731465198662944
1130,2024,666720,"Rodríguez, Yerry",0.00013647184416244447
1131,2024,666745,"Brito, Jhony",-0.0003298830777540412
1132,2024,666808,"Doval, Camilo",0.0008508140741638563
1133,2024,666818,"Frías, Luis",0.00149963166151613
1134,2024,666974,"Cano, Yennier",0.000877669180495123
1135,2024,667297,"Nance, Tommy",0.001878058158653006
1136,2024,667463,"King, John",-0.0002537465590976685
1137,2024,667725,"Tyler, Kyle",0.0020793257703608
1138,2024,667755,"Soriano, José",0.0008434531024008969
1139,2024,668338,"Miller, Tyson",0.0005745052277855898
1140,2024,668390,"Winn, Cole",4.486164771003583e-05
1141,2024,668674,"Erceg, Lucas",0.0006856905851137469
1142,2024,668676,"Plesac, Zach",0.000243580427354387
1143,2024,668678,"Gallen, Zac",0.0002461053761579247
1144,2024,668868,"Thompson, Zack",7.715221041360338e-05
1145,2024,668873,"Kilian, Caleb",0.0008400557480649548
1146,2024,668881,"Greene, Hunter",3.722184088558243e-05
1147,2024,668909,"Williams, Gavin",0.00042109277437217486
1148,2024,668933,"Ashcraft, Graham",0.0022072783284187558
1149,2024,668941,"Romero, JoJo",0.00020126425697746181
1150,2024,668943,"Miller, Ryan",0.0013470183398458168
1151,2024,668964,"Myers, Tobias",0.00011643527253607034
1152,2024,668968,"Crouse, Hans",0.00044907201936640845
1153,2024,668984,"Legumina, Casey",-0.0006578328561890537
1154,2024,669022,"Gore, MacKenzie",0.0004861574202370606
1155,2024,669060,"Wilson, Bryse",0.0007299651621713864
1156,2024,669062,"Miller, Erik",-4.639910568985842e-05
1157,2024,669084,"Hall, DL",-0.00010851137805183711
1158,2024,669093,"Estrada, Jeremiah",-0.0001002690010153435
1159,2024,669111,"McMillon, John",0.0005776671612258234
1160,2024,669169,"Heasley, Jonathan",0.0025319933089908105
1161,2024,669194,"Nelson, Ryne",1.6185310528460772e-05
1162,2024,669199,"Bachar, Lake",-0.0004691579934943757
1163,2024,669203,"Burnes, Corbin",0.0022712770723488447
1164,2024,669211,"Akin, Keegan",0.00029286381740070504
1165,2024,669212,"Morgan, Eli",1.2139575176398604e-05
1166,2024,669270,"Kuhnel, Joel",0.0001055716123178865
1167,2024,669276,"Lee, Dylan",0.0010189291492233756
1168,2024,669302,"Gilbert, Logan",0.0008414005523327603
1169,2024,669308,"Reynolds, Sean",0.000378157018171202
1170,2024,669330,"Wells, Tyler",0.0003429760429156569
1171,2024,669358,"Baz, Shane",0.00033667450461595565
1172,2024,669372,"Ginn, J.T.",0.00048024077242753214
1173,2024,669373,"Skubal, Tarik",0.00032879693059055255
1174,2024,669387,"Mlodzinski, Carmen",0.0006955258108254431
1175,2024,669422,"Sauer, Matt",0.0006841453896509437
1176,2024,669432,"Rogers, Trevor",-0.00015132392404634546
1177,2024,669438,"Englert, Mason",-0.0001341639117894697
1178,2024,669456,"Bieber, Shane",7.845893996600141e-05
1179,2024,669459,"Nelson, Kyle",0.0012649547548968616
1180,2024,669461,"Liberatore, Matthew",0.0009164819815455647
1181,2024,669467,"Pallante, Andre",0.0011698866773658869
1182,2024,669620,"Basso, Brady",0.0004980258791272455
1183,2024,669622,"Bender, Anthony",0.0010697815546868526
1184,2024,669674,"Long, Sam",0.0006200971110324918
1185,2024,669711,"Weissert, Greg",0.0006519410009038323
1186,2024,669713,"Wesneski, Hayden",0.0005956650952931265
1187,2024,669721,"Daniel, Davis",-0.00036980739137374894
1188,2024,669724,"Hanifee, Brenan",0.0007288335758082343
1189,2024,669854,"Blanco, Ronel",0.00030139767796184
1190,2024,669912,"Snead, Kirby",0.0003557780985190961
1191,2024,669923,"Kirby, George",0.00070035684228952
1192,2024,669952,"White, Mitch",0.0005626940857785833
1193,2024,670036,"Festa, Matt",0.0004726739164274882
1194,2024,670046,"Rosenberg, Kenny",-0.0003692769421741949
1195,2024,670059,"Holderman, Colin",0.0019010479003834942
1196,2024,670102,"Francis, Bowden",-0.0002414309595216774
1197,2024,670124,"Oller, Adam",9.814138337335465e-05
1198,2024,670167,"Schreiber, John",0.0008501366028062195
1199,2024,670174,"Winckowski, Josh",0.000588254596629246
1200,2024,670241,"Vines, Darius",0.0007116388722950848
1201,2024,670280,"Bednar, David",-9.538909055631774e-05
1202,2024,670766,"McCaughan, Darren",0.00026205862604657587
1203,2024,670810,"Gillaspie, Logan",-0.00023638815602427025
1204,2024,670871,"Zuñiga, Guillo",0.00039013045905596005
1205,2024,670950,"Richards, Trevor",0.000430199878177013
1206,2024,670955,"Uceta, Edwin",-0.00043226016476689393
1207,2024,670970,"Morejon, Adrian",0.0010459276900432065
1208,2024,670990,"Ramírez, Yohan",0.0011856487789572096
1209,2024,671096,"Abbott, Andrew",-9.470710504367268e-05
1210,2024,671106,"Allen, Logan",0.0006066494919137276
1211,2024,671111,"Peralta, Sammy",-0.0006086818907518706
1212,2024,671131,"Rutledge, Jackson",0.0010906268010290698
1213,2024,671212,"Boyle, Joe",0.0008450800067263253
1214,2024,671305,"Otañez, Michel",0.0008556423889940296
1215,2024,671345,"Foley, Jason",0.0005883361174764125
1216,2024,671737,"Bradley, Taj",-1.4798684762428414e-05
1217,2024,671922,"Smith, Cade",0.0002700284482985895
1218,2024,672282,"Detmers, Reid",0.00016689798868289632
1219,2024,672335,"Pérez, Cionel",0.0012966782781944019
1220,2024,672391,"Ort, Kaleb",0.000580405912712023
1221,2024,672456,"Montero, Keider",6.275188457772671e-05
1222,2024,672552,"O'Loughlin, Jack",0.00018571922150611658
1223,2024,672578,"Hernández, Carlos",0.00015853628116113843
1224,2024,672582,"Zerpa, Angel",0.0006812080447677417
1225,2024,672710,"Contreras, Roansy",0.00012327217448969286
1226,2024,672782,"Gómez, Yoendrys",0.0006744607770671129
1227,2024,672851,"Adon, Joan",0.0002555240332351397
1228,2024,672860,"Berroa, Prelander",0.0010987884267699673
1229,2024,673380,"Núñez, Dedniel",0.0008279344368098616
1230,2024,673513,"Matsui, Yuki",5.0603890473591657e-05
1231,2024,673540,"Senga, Kodai",0.0009272422679462065
1232,2024,673929,"Leasure, Jordan",0.0007145158772714931
1233,2024,674003,"Bradford, Cody",-0.0007483340832799575
1234,2024,674072,"Henry, Tommy",0.00014715127793624787
1235,2024,674285,"Salazar, Eduardo",0.001269781452937266
1236,2024,674370,"Bido, Osvaldo",0.00038403059619895354
1237,2024,674944,"Guenther, Sean",-0.00010964873031600894
1238,2024,675540,"Curry, Xzavion",0.0003761928182001956
1239,2024,675627,"Grove, Michael",0.0013758453748467208
1240,2024,675650,"Mercado, Michael",0.0004765765863093614
1241,2024,675911,"Strider, Spencer",0.00046032855850750644
1242,2024,675921,"Howard, Spencer",-0.00027820862416587833
1243,2024,675989,"Bolton, Cody",0.001048501765375911
1244,2024,676083,"Junk, Janson",0.0003897417001035162
1245,2024,676092,"Snider, Collin",0.0008685776445446955
1246,2024,676105,"Criswell, Jeff",0.00039625550386756527
1247,2024,676106,"Hancock, Emerson",0.0005131086771604268
1248,2024,676130,"Buttó, José",0.0001013301608940186
1249,2024,676254,"Walker, Ryan",0.0011085337111022356
1250,2024,676272,"Miller, Bobby",-8.985632255340063e-05
1251,2024,676282,"Cantillo, Joey",0.000192978258403958
1252,2024,676395,"Garcia, Robert",0.0005727073751997022
1253,2024,676428,"Hurter, Brant",0.00036966263252703903
1254,2024,676440,"Bibee, Tanner",0.0002254898865614448
1255,2024,676477,"Whitlock, Garrett",0.0007830109190314317
1256,2024,676508,"Casparius, Ben",0.00039376648612924784
1257,2024,676534,"Faucher, Calvin",0.0016155685500925448
1258,2024,676596,"Fleming, Josh",0.0006903365799469915
1259,2024,676614,"Sammons, Bryan",0.00029467432545414836
1260,2024,676617,"O'Brien, Riley",0.0011195915056335427
1261,2024,676661,"Lazar, Max",0.00030929394866260863
1262,2024,676664,"Sears, JP",0.00043686547664829954
1263,2024,676680,"Cosgrove, Tom",0.0008710163790222672
1264,2024,676684,"Vest, Will",0.0005011384151034487
1265,2024,676702,"Stratton, Hunter",0.0005776230529196332
1266,2024,676710,"Crawford, Kutter",0.000544366020492932
1267,2024,676714,"Hughes, Brandon",0.001065705906050838
1268,2024,676755,"Mattson, Isaac",-0.00014862265941337297
1269,2024,676760,"Marinaccio, Ron",-0.0005021401928626953
1270,2024,676775,"Winn, Keaton",-3.181852436180861e-05
1271,2024,676879,"Ashby, Aaron",-0.0003353557235138679
1272,2024,676962,"Brown, Ben",0.0005470766466256588
1273,2024,676969,"de Geus, Brett",0.0008358367889464938
1274,2024,676974,"Meyer, Max",-4.29689753461358e-05
1275,2024,676979,"Crochet, Garrett",0.0002528446211031087
1276,2024,677020,"Walker, Josh",0.0010185835948637542
1277,2024,677053,"Nardi, Andrew",0.0005629088076023246
1278,2024,677161,"Kelly, Zack",0.0006012606955312297
1279,2024,677944,"Cecconi, Slade",-2.7170424296610446e-05
1280,2024,677955,"Hill, Jaden",-0.00030014630971245257
1281,2024,677958,"Rocker, Kumar",0.0003179631806446814
1282,2024,677960,"Weathers, Ryan",-0.0003480519910446989
1283,2024,677976,"Dobnak, Randy",0.0005713498070132141
1284,2024,678020,"Halvorsen, Seth",0.00010084348269305954
1285,2024,678061,"Kerr, Ray",0.0010056851649911192
1286,2024,678226,"Hernández, Daysbel",0.0013609042393146168
1287,2024,678368,"Bellozo, Valente",0.00012940955001608122
1288,2024,678394,"Bello, Brayan",-7.63906630686358e-05
1289,2024,678495,"Rodríguez, Randy",0.000453967005689957
1290,2024,678606,"Ferrer, Jose A.",0.00045674780091350145
1291,2024,678692,"Henriquez, Ronny",0.0004005381010446197
1292,2024,678821,"Peralta, Luis",0.0005850974364081771
1293,2024,678906,"Teng, Kai-Wei",0.0005198622971377443
1294,2024,679156,"Pennington, Walter",0.0015058536870515534
1295,2024,679525,"Marsh, Alec",0.0005142982693226214
1296,2024,679885,"Martinez, Justin",8.041861554772114e-05
1297,2024,680570,"Rodriguez, Grayson",0.0003390575349062717
1298,2024,680573,"Woods Richardson, Simeon",0.0001379542675528824
1299,2024,680686,"Gray, Josiah",0.0011631437823282685
1300,2024,680694,"Bradish, Kyle",0.0014530642843937002
1301,2024,680704,"Sandlin, Nick",0.00016026981123063306
1302,2024,680730,"Parker, Mitchell",0.0006333686321820595
1303,2024,680732,"Burke, Sean",0.00025581863151467323
1304,2024,680736,"Wrobleski, Justin",0.00014858338237526137
1305,2024,680739,"Winder, Josh",0.0006410138239243178
1306,2024,680744,"Madden, Ty",0.0002468383321771006
1307,2024,680767,"Vodnik, Victor",0.00016437808773631742
1308,2024,680880,"Holman, Grant",9.436496798824985e-05
1309,2024,680885,"Schwellenbach, Spencer",0.0008282836147900612
1310,2024,680897,"Nastrini, Nick",0.0005535734631672671
1311,2024,681035,"Scott, Christian",9.705360349116417e-05
1312,2024,681066,"Bush, Ky",0.00015519249906699337
1313,2024,681190,"Vásquez, Randy",0.00030502667487616864
1314,2024,681217,"Silseth, Chase",0.0008816611919369822
1315,2024,681293,"Arrighetti, Spencer",0.0005856093020772998
1316,2024,681402,"Varland, Gus",0.00041955065963096994
1317,2024,681432,"Little, Luke",0.0006441914173011301
1318,2024,681517,"Leahy, Kyle",0.00038794719181535026
1319,2024,681676,"Fernandez, Ryan",0.000812840182630125
1320,2024,681799,"Roberts, Ethan",0.0028161909073358914
1321,2024,681810,"Warren, Austin",0.0007147306365958734
1322,2024,681857,"Olson, Reese",0.00012173334064098664
1323,2024,681867,"Criswell, Cooper",0.00045584818408903814
1324,2024,681869,"Dubin, Shawn",0.0005158986124990785
1325,2024,681870,"Sabrowski, Erik",0.000728752692287119
1326,2024,681882,"Selby, Colin",0.0005403171586179713
1327,2024,681892,"Funderburk, Kody",0.0023236147885758026
1328,2024,681911,"Vesia, Alex",0.0001573370805007831
1329,2024,681982,"Anderson, Grant",0.0004536229408455363
1330,2024,682052,"Lopez, Jacob",-1.8726786080586884e-05
1331,2024,682120,"Herrin, Tim",0.0011986182178351892
1332,2024,682227,"Williamson, Brandon",0.00030003087551912124
1333,2024,682243,"Miller, Bryce",0.0005953187864308784
1334,2024,682254,"Montgomery, Mason",0.0007596708186404757
1335,2024,682610,"Muñoz, Roddery",0.0003692216344734978
1336,2024,682842,"Uribe, Abner",0.001363674427531497
1337,2024,682847,"Ortiz, Luis L.",0.0009609560966222983
1338,2024,682989,"Mederos, Victor",0.000536366439234848
1339,2024,682990,"Priester, Quinn",0.0009000143626138085
1340,2024,683003,"Jones, Jared",0.0002839868918911562
1341,2024,683004,"Leiter, Jack",-9.207561078949567e-05
1342,2024,683155,"Estes, Joey",0.0003840702724982273
1343,2024,683232,"Mears, Nick",0.0005075073606836726
1344,2024,683409,"Chivilli, Angel",0.00015807294959528344
1345,2024,683568,"Iriarte, Jairo",0.00022353238041567365
1346,2024,683618,"Henriquez, Edgardo",0.0003495118484909613
1347,2024,683627,"Molina, Anthony",4.254466002016074e-05
1348,2024,683769,"Gaddis, Hunter",0.00010125617887244613
1349,2024,684007,"Imanaga, Shota",0.00010506032415089498
1350,2024,684320,"Rodríguez, Yariel",0.0006202422075996471
1351,2024,685107,"Veneziano, Anthony",-0.00011492737322230944
1352,2024,685116,"Kitchen, Austin",0.0005860908485127864
1353,2024,685126,"Eisert, Brandon",-0.00012448668222586512
1354,2024,685299,"Gordon, Tanner",-9.885374131229494e-05
1355,2024,685801,"Bigge, Hunter",0.0008021187537456081
1356,2024,686539,"Cronin, Declan",0.000981069943047765
1357,2024,686563,"Cannon, Jonathan",0.00036510545911908954
1358,2024,686580,"Slaten, Justin",0.0010549618634033164
1359,2024,686613,"Brown, Hunter",0.0006659507084407248
1360,2024,686642,"Ellard, Fraser",0.0005364746664758648
1361,2024,686730,"Spiers, Carson",0.00036609868173243545
1362,2024,686747,"La Sorsa, Joe",1.4693154515819435e-05
1363,2024,686752,"Pepiot, Ryan",-4.137698109769412e-05
1364,2024,686796,"Walston, Blake",9.784322381876042e-05
1365,2024,686799,"Kochanowicz, Jack",0.0013276503966654551
1366,2024,686826,"Jarvis, Bryce",0.0003750647633390815
1367,2024,686973,"Varland, Louie",0.0006106739657089821
1368,2024,687014,"Avila, Nick",0.0006132406348086485
1369,2024,687134,"Blalock, Bradley",0.0002776903358084507
1370,2024,687330,"Kelly, Kevin",0.001271238808871082
1371,2024,687362,"Gillispie, Connor",1.0864584107645762e-05
1372,2024,687424,"Maldonado, Anthony",0.0013836507424699156
1373,2024,687765,"Spence, Mitch",0.0024410378372693915
1374,2024,687792,"Herz, DJ",9.217439405226619e-05
1375,2024,687798,"Robertson, Nick",0.00023332055333995282
1376,2024,687863,"Hodge, Porter",0.0006887367793896763
1377,2024,687911,"King, Bryan",0.0008810186397764655
1378,2024,687922,"Lucas, Easton",0.00022303413584141558
1379,2024,687924,"Aguiar, Julian",-0.00010578184495950052
1380,2024,688107,"Gasser, Robert",-3.966565501002245e-05
1381,2024,688297,"Roycroft, Chris",0.0016303464354466774
1382,2024,689017,"Knack, Landon",-0.00025613651802742333
1383,2024,689147,"Kerkering, Orion",0.001038440994473592
1384,2024,689225,"Brieske, Beau",5.2876046088772094e-05
1385,2024,689672,"Thorpe, Drew",1.2673884108542148e-05
1386,2024,689690,"Jacob, Alek",-0.0003453494730873692
1387,2024,689958,"Walters, Andrew",0.000661703236489554
1388,2024,689981,"Ryan, River",0.00028339099147787166
1389,2024,690544,"Horn, Bailey",0.001423681162030019
1390,2024,690829,"Joyce, Ben",0.0012204586363000433
1391,2024,690916,"Fitts, Richard",0.0006050818143651347
1392,2024,690986,"Harrison, Kyle",-9.999297776479555e-05
1393,2024,691172,"Zulueta, Yosver",0.0008516018295565516
1394,2024,691951,"Aldegheri, Sam",-0.00025361499736242907
1395,2024,692230,"Rodriguez, Carlos",0.00023827111432046463
1396,2024,692285,"Guerrero, Luis",2.1987030744686028e-05
1397,2024,693312,"Nicolas, Kyle",0.000619457544746076
1398,2024,693433,"Woo, Bryan",0.0010676939828876376
1399,2024,693821,"Elder, Bryce",0.0009003788050570905
1400,2024,694037,"Palencia, Daniel",0.0006121400702025452
1401,2024,694297,"Pfaadt, Brandon",0.00046154674317267825
1402,2024,694350,"Brzykcy, Zach",0.00014506435152618447
1403,2024,694361,"Klein, Will",0.0005713290150215029
1404,2024,694363,"Shuster, Jared",0.00018459868487279558
1405,2024,694462,"Waldrep, Hurston",0.0003917983713223573
1406,2024,694738,"Roupp, Landen",0.00044733343317324744
1407,2024,694813,"Stone, Gavin",-4.683741104955257e-05
1408,2024,694973,"Skenes, Paul",0.0008781507053582906
1409,2024,695076,"Lowder, Rhett",-0.0002658502484332994
1410,2024,695243,"Miller, Mason",0.0008733570087659917
1411,2024,696131,"Black, Mason",0.0007372885741134034
1412,2024,696136,"Wicks, Jordan",0.00012088701403977457
1413,2024,700187,"Taylor, Troy",0.0007387285053170904
1414,2024,700241,"McGreevy, Michael",0.0005145062738285454
1415,2024,700249,"Povich, Cade",0.0003452605812358417
1416,2024,700270,"Diaz, Yilber",0.0004587235667733008
1417,2024,700363,"Smith-Shawver, AJ",8.983474098732394e-05
1418,2024,700669,"Graceffo, Gordon",0.0008373590337512237
1419,2024,701542,"Warren, Will",0.0007798701937177507
1420,2024,701581,"Festa, David",7.341257195774697e-05
1421,2024,701643,"Hartwig, Grant",0.0005878197496983034
1422,2024,702352,"Bivens, Spencer",0.00012109046433031805
1423,2024,702674,"Dana, Caden",-3.4772030992832234e-05
1424,2024,800049,"Mazur, Adam",0.00039167359018320405
1425,2024,805673,"Matthews, Zebby",0.0004315326235102155
1426,2024,806185,"Birdsong, Hayden",-0.00012355001438796773
1427,2024,808967,"Yamamoto, Yoshinobu",-0.00010562464763486123
1428,2024,814005,"Bloss, Jake",0.0004479041324845786
