Name,Team,G,PA,HR,R,RBI,SB,BB%,K%,ISO,BABIP,AVG,OBP,SLG,wOBA,xwOBA,wRC+,BsR,Off,Def,WAR,NameASCII,PlayerId,MLBAMID
"Corbin Carroll","ARI",143,642,31,107,84,32,0.10436137,0.238317757,0.281914893,0.299479166,0.258865248,0.342679127,0.540780141,0.37149713461675615,0.3714392080247027,139.08839604480144,10.26703043282032,40.009503964956885,2.5449557304382324,6.53919756023393,"Corbin Carroll",25878,682998
"Elly De La Cruz","CIN",162,699,22,102,86,37,0.095851216,0.258941344,0.176470589,0.337236533,0.263910969,0.336194563,0.440381558,0.3325369146115894,0.3218921511454353,108.50352613594754,9.366406241431832,16.411234860235368,2.7464590072631836,4.33944145900445,"Elly De La Cruz",26668,682829
"Byron Buxton","MIN",126,542,35,97,83,24,0.075645756,0.27306273,0.286885246,0.302250803,0.264344262,0.326568265,0.551229508,0.3666271403071157,0.34775916142250174,136.3415758121969,8.5274652633816,31.742835614070653,-1.3612439632415771,5.017032364611684,"Byron Buxton",14161,621439
"Trea Turner","PHI",141,639,15,94,69,36,0.067292644,0.167449139,0.152801358,0.34968017,0.303904923,0.355242566,0.456706281,0.35156535943473766,0.31791899869434515,124.8082278067238,7.955487499013543,26.743931087851973,17.25831699371338,6.677112544143246,"Trea Turner",16252,607208
"Trevor Story","BOS",157,654,25,91,96,31,0.050458715,0.269113149,0.16993464,0.330097087,0.263071895,0.307810107,0.433006535,0.3203090862628141,0.30914054292799703,100.99665332453415,7.769699890166521,8.537935515768556,-1.5511994361877441,3.017846071095698,"Trevor Story",12564,596115
"Bobby Witt Jr.","KCR",157,687,23,99,88,38,0.071324599,0.181950509,0.205457464,0.334024896,0.295345104,0.350800582,0.500802568,0.36028863131912187,0.3629063487758298,129.71644196602443,7.413172552362084,31.47486219598688,23.18013095855713,8.011112534654776,"Bobby Witt Jr.",25764,677951
"CJ Abrams","WSN",144,635,19,92,60,31,0.058267716,0.196850393,0.175862069,0.296127562,0.256896551,0.315457413,0.43275862,0.32365244561085393,0.30793198138051686,107.31756540218946,7.371237672865391,12.878484530307514,-3.318309783935547,3.1396415570134737,"CJ Abrams",25768,682928
"Gunnar Henderson","BAL",154,651,17,85,68,30,0.095238095,0.210445468,0.164644715,0.329439252,0.273830155,0.348694316,0.43847487,0.33939238232235575,0.33919321616614667,119.78289181549304,7.284861529245973,22.463867767340375,1.7328612804412842,4.768079440044021,"Gunnar Henderson",26289,683002
"José Ramírez","CLE",158,673,30,103,85,44,0.09806835,0.109955423,0.219224283,0.279352226,0.283305227,0.360119047,0.50252951,0.35964188603254466,0.34186335637019233,133.4721923751499,7.250836165621877,33.80128076665129,4.583213627338409,6.297136862613903,"Jose Ramirez",13510,608070
"Jarren Duran","BOS",157,696,16,86,84,24,0.086206896,0.242816091,0.185483871,0.326484018,0.256451612,0.3323741,0.441935483,0.3350495208237288,0.32520460428785625,111.15078705378289,7.191657543182373,16.33883988853637,-2.058706045150757,3.911952017864964,"Jarren Duran",24617,680776
"Pete Crow-Armstrong","CHC",157,647,31,91,95,35,0.044822256,0.239567233,0.233502538,0.275779376,0.247038917,0.287051482,0.480541455,0.3234034123830497,0.3211609317893323,108.9191437637993,6.71594494394958,13.555402371707675,17.416976928710938,5.371225599643558,"Pete Crow-Armstrong",27769,691718
"Fernando Tatis Jr.","SDP",155,691,25,111,71,32,0.128798842,0.186685962,0.178451179,0.30316742,0.267676767,0.367583212,0.446127946,0.3532081374473739,0.3681093907741373,131.28272564346076,5.8059568870812654,31.425822005830458,5.128818988800049,6.092135171439661,"Fernando Tatis Jr.",19709,665487
"Oneil Cruz","PIT",135,544,20,62,61,38,0.117647058,0.319852941,0.178343949,0.262411347,0.199575371,0.297794117,0.37791932,0.29478162118682155,0.32097208810118494,85.63652013289894,5.75530850328505,-3.505582557338913,0.877325177192688,1.582851848706642,"Oneil Cruz",21711,665833
"Dansby Swanson","CHC",159,645,24,84,77,20,0.072868217,0.260465116,0.172881356,0.297766749,0.244067796,0.29968944,0.416949152,0.3095082416319365,0.3443153357580072,99.40050492924945,4.7424059603363276,4.284116850960381,6.915017440915108,3.3413672524058704,"Dansby Swanson",18314,621020
"Nico Hoerner","CHC",156,649,7,89,61,29,0.060092449,0.07550077,0.096828047,0.312614259,0.297161936,0.345146379,0.393989983,0.324089211722215,0.31851302745730375,109.3889383665007,4.5452390145510435,11.767204203495037,13.549191236495972,4.799355591702349,"Nico Hoerner",21479,663538
"Zach McKinstry","DET",144,511,12,68,49,19,0.090019569,0.217221135,0.17920354,0.314371257,0.258849557,0.333333333,0.438053097,0.33299771683155205,0.3027335655946863,113.6826954217801,4.384622802957892,12.625342357411105,0.7158436924219131,3.1644212694351808,"Zach McKinstry",19392,656716
"Jeremy Peña","HOU",125,543,17,68,62,20,0.064456721,0.171270718,0.172413793,0.345454545,0.304259634,0.363468634,0.476673427,0.3629105426647045,0.3332687689333546,135.11462301057807,4.281400267034769,26.7543672977083,10.43244457244873,5.716812989542194,"Jeremy Pena",21636,665161
"Ceddanne Rafaela","BOS",156,587,16,84,63,20,0.04770017,0.199318568,0.164835164,0.289156626,0.249084249,0.294520547,0.413919413,0.3065042726389349,0.30437025305343,91.48703384452843,3.926151018589735,-1.9635274042159505,18.9567129611969,3.805695239399587,"Ceddanne Rafaela",24262,678882
"Julio Rodríguez","SEA",160,710,32,106,95,30,0.06197183,0.214084507,0.207055215,0.302127659,0.266871165,0.323943661,0.47392638,0.3409884508619917,0.3453922326068933,125.96944026266532,3.8648876510560513,25.59657822203235,5.944949150085449,5.727308625546893,"Julio Rodriguez",23697,677594
"Bryson Stott","PHI",147,560,13,66,66,24,0.096428571,0.1625,0.134268537,0.288220551,0.256513026,0.327956989,0.390781563,0.3152057655837848,0.3115720355104073,99.90073669076088,3.850186586380005,3.784303948076609,7.9119884967803955,3.102895960977081,"Bryson Stott",26294,681082
"Geraldo Perdomo","ARI",161,720,20,98,100,27,0.130555555,0.115277777,0.172529313,0.302970297,0.289782244,0.389044943,0.462311557,0.3698901362224638,0.35512569626564705,137.98755046348717,3.7621945179998875,36.17883408519434,9.052163481712341,7.078549937322684,"Geraldo Perdomo",22799,672695
"Kyle Tucker","CHC",136,597,22,91,73,25,0.145728643,0.147403685,0.198,0.282442748,0.266,0.377104377,0.464,0.3629035417631497,0.3708789052102188,135.97800271715482,3.7615440152585506,29.218448153120068,-5.071225881576538,4.502728506941264,"Kyle Tucker",18345,663656
"Shohei Ohtani","LAD",158,727,55,146,102,20,0.149931224,0.257221458,0.340425532,0.315363881,0.281505728,0.391724137,0.62193126,0.4178216946885941,0.4226862300526012,172.3156045629402,3.680434776470065,65.99084893877733,-17.067899703979492,7.480110532847197,"Shohei Ohtani",19755,660271
"Xavier Edwards","MIA",139,619,3,75,43,27,0.079159935,0.142164781,0.069518717,0.329809725,0.283422459,0.342532467,0.352941176,0.3083631902059437,0.2932753242954685,95.48281525010997,3.6126714441925287,0.29866988756169155,3.8421526551246643,2.5307106082304616,"Xavier Edwards",22266,669364
"Jung Hoo Lee","SFG",150,617,8,73,55,10,0.07617504,0.115072933,0.141071429,0.290721649,0.266071428,0.327390599,0.407142857,0.3199864445281376,0.3177977275073044,107.17950801800322,3.4941856544464827,8.744363979110846,-5.660334587097168,2.415779518829565,"Jung Hoo Lee",33824,808982
"Matt McLain","CIN",147,577,15,73,50,18,0.095320623,0.289428076,0.123529411,0.292168674,0.219607843,0.299651567,0.343137254,0.28649665659313,0.28666746008794214,76.96446873414527,3.4068464394658804,-12.346334152482878,6.7973281145095825,1.3963534630703691,"Matt McLain",29695,680574
"Lawrence Butler","ATH",152,630,21,83,63,22,0.093650793,0.284126984,0.170474517,0.303523035,0.233743409,0.305732484,0.404217926,0.31035382931779143,0.304845572279665,95.51550579704784,3.2740016635507345,-0.055863065325746586,-2.1956374645233154,1.9881445197378271,"Lawrence Butler",22542,671732
"Jackson Chourio","MIL",131,589,21,88,78,21,0.050933786,0.205432937,0.193078324,0.307506053,0.269581056,0.307823129,0.46265938,0.32846995980004434,0.3051793425005989,111.35224164419445,3.0575272142887115,10.98237861548845,-1.9488619565963745,2.9291755795627137,"Jackson Chourio",28806,694192
"Zach Neto","LAA",128,554,26,82,62,26,0.059566787,0.268953068,0.217131474,0.312121212,0.256972111,0.318840579,0.474103585,0.337106439220163,0.34269317515167125,115.58566304980467,2.9971745051443577,13.17388974532326,-1.599076747894287,3.1351207109038306,"Zach Neto",31347,687263
"Jazz Chisholm Jr.","NYY",130,531,31,75,80,31,0.109227871,0.278719397,0.238095238,0.282229965,0.242424242,0.332075471,0.48051948,0.3490127379141593,0.3456374370690548,126.09384578932723,2.9428022354841232,19.2735167736173,5.301408886909485,4.3842020292452935,"Jazz Chisholm Jr.",20454,665862
"Marcus Semien","TEX",127,534,15,62,62,11,0.093632958,0.174157303,0.134042553,0.250673854,0.229787234,0.305243445,0.363829787,0.29480341478679956,0.31704932350602427,89.02824894465994,2.9069746788591146,-3.998440211989407,6.352029085159302,2.1212454715982294,"Marcus Semien",12533,543760
"Christian Yelich","MIL",150,644,29,88,103,16,0.099378881,0.25931677,0.188481675,0.322751322,0.263525305,0.343167701,0.45200698,0.3431630712878368,0.33149067685592865,121.41749554522096,2.8472796324640512,19.19468222929771,-16.723996758461,2.444933740901483,"Christian Yelich",11477,592885
"George Springer","TOR",140,586,32,106,84,18,0.11774744,0.189419795,0.251004016,0.339832869,0.309236947,0.39896373,0.560240963,0.4078920781612396,0.4042854110054348,166.12905855908951,2.781200483441353,48.4545151351716,-17.774693489074707,5.202487966443002,"George Springer",12856,543807
"Francisco Lindor","NYM",160,732,31,117,86,31,0.088797814,0.178961748,0.198757764,0.288343558,0.267080745,0.345628415,0.465838509,0.3501807249572179,0.3446629037555343,128.77125428201668,2.7495667804032564,27.710687587606657,9.234126567840576,6.271617221497545,"Francisco Lindor",12916,596019
"Juan Soto","NYM",160,715,43,120,105,38,0.177622377,0.191608391,0.26169844,0.270471464,0.263431542,0.395511921,0.525129982,0.38982828523431506,0.4271752789978988,155.93110814120718,2.711435863748193,50.10874337437486,-17.154218196868896,5.805493362895623,"Juan Soto",20123,665742
"Brice Turang","MIL",156,659,18,97,81,24,0.100151745,0.227617602,0.147260274,0.356294536,0.287671232,0.359208523,0.434931506,0.34630487177793573,0.3337830288719585,123.56972992154685,2.6060672160238028,21.01523798851718,0.14898896217346191,4.408576414286521,"Brice Turang",22186,668930
"Joey Ortiz","MIL",149,506,7,62,45,14,0.053359683,0.146245059,0.087234042,0.259640102,0.229787234,0.276,0.317021276,0.2631502192020416,0.27295026261082117,66.60611864537773,2.543759435415268,-17.48304341116786,13.932437896728516,1.359133525582871,"Joey Ortiz",25493,687401
"Sal Frelick","MIL",142,594,12,76,63,19,0.079124579,0.134680134,0.117424243,0.317460317,0.287878787,0.350936967,0.40530303,0.33226253764998975,0.2983551025390625,113.95027944107807,2.5336809661239386,12.35485841407843,2.824613571166992,3.575003536204167,"Sal Frelick",29622,686217
"Caleb Durbin","MIL",136,506,11,60,53,18,0.059288537,0.098814229,0.130337078,0.265463917,0.256179775,0.333996023,0.386516853,0.31931711404508434,0.3086935236724186,105.08224794564076,2.3243253603577614,5.3722243614935365,3.6441043615341187,2.644888170828225,"Caleb Durbin",29646,702332
"Ozzie Albies","ATL",157,667,16,74,74,14,0.08245877,0.140929535,0.12437811,0.259036144,0.240464344,0.305847076,0.364842454,0.2945410410264381,0.29810618205242845,86.88430580194277,2.177694158628583,-8.190695778962706,-0.9924681186676025,1.330890236874149,"Ozzie Albies",16556,645277
"Michael Harris II","ATL",160,641,20,55,86,20,0.024960998,0.199687987,0.160392798,0.280851063,0.248772504,0.268445839,0.409165302,0.28865430508769535,0.3144595028850182,82.851702365906,2.0782668106257915,-10.949598142537658,2.9685784578323364,1.3653816156324283,"Michael Harris II",25931,671739
"Josh Smith","TEX",144,563,10,70,35,12,0.097690941,0.177619893,0.115151515,0.295336787,0.25050505,0.334525939,0.365656565,0.31112834688148977,0.3125875184861876,100.27388372736357,1.8812389187514782,2.0629775276175706,-4.180886507034302,1.7658767652046223,"Josh Smith",26396,669701
"TJ Friedl","CIN",152,685,14,82,53,12,0.118248175,0.167883211,0.117443868,0.301098901,0.260794473,0.364170337,0.378238341,0.33261985330679694,0.3005726309383617,108.56034180948117,1.8262391425669193,8.776096378781444,-3.4658615589141846,2.875017628483111,"TJ Friedl",19522,670770
"Mike Yastrzemski","- - -",147,558,17,68,46,7,0.129032258,0.193548387,0.169811321,0.263305322,0.232704402,0.332733812,0.402515723,0.3208266536610714,0.32703886552290484,105.9273420216054,1.7730711679905653,5.660238696528866,-1.4700887203216553,2.3499648120295236,"Mike Yastrzemski",14854,573262
"Xander Bogaerts","SDP",136,552,11,63,53,20,0.086956521,0.170289855,0.128309572,0.299492385,0.262729124,0.328493647,0.391038696,0.3131875612222365,0.32536425109303324,103.86734386363368,1.6729243714362383,4.203073225771392,8.944000720977783,3.2240973667702533,"Xander Bogaerts",12161,593428
"Masyn Winn","STL",129,537,9,72,51,9,0.063314711,0.189944134,0.109979634,0.30104712,0.252545824,0.310280373,0.362525458,0.29734385303247757,0.2844938474280812,91.42323105092078,1.5602387972176075,-3.898498599017759,20.136653423309326,3.4892941908841513,"Masyn Winn",27479,691026
"Wyatt Langford","TEX",134,573,22,73,62,22,0.129144851,0.263525305,0.190184049,0.29906542,0.241308793,0.343804537,0.431492842,0.3371595635748746,0.3442802295350192,118.20581472623358,1.5529479123651981,13.848196550375782,6.155039310455322,4.064361028991421,"Wyatt Langford",33333,694671
"Adolis García","TEX",135,547,19,58,75,13,0.051188299,0.246800731,0.16765286,0.266666666,0.226824457,0.270566727,0.394477317,0.2858046869655232,0.30421626939686064,82.82936211315248,1.4471911415457726,-9.622775970607385,-1.9154119491577148,0.745721448991881,"Adolis Garcia",19287,666969
"Bryce Harper","PHI",132,580,27,72,75,12,0.120689655,0.208620689,0.225548903,0.292134831,0.261477045,0.356896551,0.487025948,0.3609641829849536,0.36752010970165505,131.2467242056975,1.3539776168763638,22.833602543930724,-8.218193411827087,3.4696373755144654,"Bryce Harper",11579,547180
"Brandon Nimmo","NYM",155,652,25,81,92,13,0.076687116,0.216257668,0.173764907,0.301401869,0.262350936,0.324116743,0.436115843,0.3287401940272405,0.32111595740685095,114.08380106543058,1.3056755475699902,12.189002681578772,-4.538533926010132,3.002122093016406,"Brandon Nimmo",12927,607043
"Brenton Doyle","COL",138,538,15,57,57,18,0.055762081,0.256505576,0.143426294,0.288951841,0.233067729,0.274253731,0.376494023,0.28211541017934455,0.2964436677511265,65.19035574944472,1.2834954019635916,-20.912573603328386,7.265263199806213,0.43504104952163714,"Brenton Doyle",25479,686668
"Anthony Volpe","NYY",153,596,19,65,72,18,0.072147651,0.251677852,0.179962895,0.251989389,0.211502782,0.271500843,0.391465677,0.28633192176561534,0.2986349585084449,82.91537728484958,1.1349963136017323,-10.86619135782473,0.30709314346313477,1.0184446723868927,"Anthony Volpe",27647,683011
"Maikel Garcia","KCR",160,666,16,81,74,23,0.093093093,0.126126126,0.16302521,0.308,0.285714285,0.35143288,0.448739495,0.3469151187446502,0.3348814117385472,120.50392963812814,1.1092503610998392,17.203988194382053,14.949350118637085,5.634961600472064,"Maikel Garcia",22715,672580
"Ernie Clement","TOR",157,588,9,83,50,6,0.045918367,0.103741496,0.121100917,0.295833333,0.27706422,0.313253012,0.398165137,0.30834983885288236,0.29002949610892975,97.55813512606845,1.082478104159236,-0.6097991944263499,11.738574504852295,3.2092141096943445,"Ernie Clement",20352,676391
"Matt Chapman","SFG",128,535,21,76,61,9,0.13271028,0.235514018,0.198237885,0.270096463,0.231277533,0.340186915,0.429515418,0.33623319853111155,0.34061146139652093,118.30905700722285,0.8733422290533781,12.482854227012178,5.8612751960754395,3.697953823680849,"Matt Chapman",16505,656305
"Willy Adames","SFG",160,686,30,94,87,12,0.116618075,0.260932944,0.196277495,0.263427109,0.225042301,0.318248175,0.421319796,0.3207774200690787,0.3263157564051011,107.7213517013979,0.8597658015787601,7.137626230959983,9.58981466293335,4.046544656245317,"Willy Adames",15986,642715
"Cody Bellinger","NYY",152,656,29,89,98,13,0.086890243,0.137195121,0.207482993,0.274058577,0.272108843,0.333841463,0.479591836,0.34747452362803105,0.32233294593612416,125.03422753309191,0.8509355094283819,20.20671248649219,5.125375747680664,4.901848046001733,"Cody Bellinger",15998,641355
"Otto Lopez","MIA",143,594,15,66,77,15,0.074074074,0.138047138,0.121323529,0.264444444,0.246323529,0.304713804,0.367647058,0.2948251313253029,0.32845210705773303,86.20880953158606,0.7156087141484022,-8.993568036103472,11.857356071472168,2.3149549397280738,"Otto Lopez",19608,672640
"J.T. Realmuto","PHI",134,550,12,57,52,8,0.063636363,0.234545454,0.12749004,0.321428571,0.256972111,0.315118397,0.384462151,0.3065890470777985,0.3150392239981324,93.99800739965843,0.6545695904642344,-3.2579123952271,5.317486047744751,2.0828994042225712,"J.T. Realmuto",11739,592663
"Shea Langeliers","ATH",123,523,31,73,72,7,0.068833652,0.196940726,0.25987526,0.289772727,0.276507276,0.325047801,0.536382536,0.36381869686060936,0.3275157656513427,132.34545220078905,0.6414712704718113,20.57974209699461,-0.027740478515625,3.9444351098044796,"Shea Langeliers",25816,669127
"Andy Pages","LAD",156,624,27,74,86,14,0.046474358,0.216346153,0.189328744,0.308235294,0.271944922,0.3125,0.461273666,0.33191527751011723,0.31565333564500303,113.46694603698575,0.5895143374800682,10.549252366616011,8.428885668516159,4.0657734805553964,"Andy Pages",24816,681624
"Ryan McMahon","- - -",154,586,20,62,53,3,0.119453924,0.322525597,0.166994106,0.293729372,0.214145383,0.312286689,0.381139489,0.3061282659188295,0.3228586601884398,86.33602902288065,0.578139740973711,-8.892957545750308,8.12303102016449,1.9376803866337744,"Ryan McMahon",15112,641857
"Josh Naylor","- - -",147,604,20,81,92,30,0.079470198,0.137417218,0.167587477,0.314606741,0.2946593,0.353333333,0.462246777,0.3507002030042994,0.33183197534384845,127.55957763351991,0.5727553926408291,20.25019169334074,-9.822434782981873,3.1475515650823,"Josh Naylor",18839,647304
"Bryan Reynolds","PIT",154,654,16,68,73,3,0.087155963,0.264525993,0.156729132,0.319201995,0.245315161,0.318042813,0.402044293,0.3146605150257829,0.3383571414128403,99.2542017197389,0.48808425292372704,-0.09000291825098516,-11.086689710617065,1.0826757896286714,"Bryan Reynolds",19326,668804
"Jo Adell","LAA",152,573,37,63,98,5,0.057591623,0.263525305,0.24904943,0.256637168,0.235741444,0.292982456,0.484790874,0.3325408399105072,0.36249610619301953,112.44059254643317,0.4728593211621046,8.874580466998541,-16.59279489517212,1.228109735835122,"Jo Adell",20220,666176
"Steven Kwan","CLE",156,693,11,81,56,21,0.079365079,0.086580086,0.1024,0.283422459,0.272,0.330434782,0.3744,0.30951694633032,0.3082328618958939,98.94299726875172,0.4605597723275423,-0.40278033899917554,7.592094421386719,3.1759081246428837,"Steven Kwan",24610,680757
"Jorge Polanco","SEA",138,524,26,64,78,6,0.080152671,0.156488549,0.229299363,0.269021739,0.265392781,0.326295585,0.494692144,0.3498725429177284,0.34111201946551983,132.0893588053727,0.20632861740887165,20.024560299196075,-12.297992467880249,2.6357541560311515,"Jorge Polanco",13152,593871
"Junior Caminero","TBR",154,653,45,93,110,7,0.062787136,0.191424196,0.270764119,0.259681093,0.264119601,0.310872894,0.53488372,0.356518121127702,0.3441224925895257,129.25356454772745,0.031236344948410988,22.54585257077762,-0.42749929428100586,4.562478449126252,"Junior Caminero",28163,691406
"Gavin Lux","CIN",140,503,5,49,53,1,0.111332007,0.226640159,0.105381166,0.350609756,0.269058295,0.349900596,0.374439461,0.3223411711025428,0.2955424193122515,101.51911393615171,-0.05265051685273647,0.8529831077542394,-14.726637363433838,0.29274456160704043,"Gavin Lux",19955,666158
"Miguel Vargas","CHW",138,569,16,80,60,6,0.098418277,0.175746924,0.166666666,0.260869565,0.234126984,0.316344463,0.40079365,0.31439264566491903,0.3149728372063435,100.85992923636091,-0.056938376277685165,0.5197584426532015,-6.912269830703735,1.34966002584563,"Miguel Vargas",20178,678246
"Brent Rooker","ATH",162,699,30,92,89,6,0.092989985,0.22174535,0.217252396,0.302483069,0.26198083,0.335243553,0.479233226,0.34876540475001594,0.3523604047590864,121.97580261381478,-0.17605563811957836,17.928776236084158,-18.404823303222656,2.412774331400491,"Brent Rooker",19627,667670
"Jordan Beck","COL",148,588,16,62,53,19,0.073129251,0.295918367,0.157699443,0.351428571,0.257884972,0.316865417,0.415584415,0.3189856100326096,0.2993074181961687,90.44762839813002,-0.1825512908399105,-6.839615420679218,-4.161144971847534,0.8760143498358415,"Jordan Beck",31431,687597
"Addison Barger","TOR",135,502,21,61,74,4,0.071713147,0.241035856,0.210869566,0.284375,0.24347826,0.301397205,0.454347826,0.3217406139767146,0.3312470342071963,106.7825389781929,-0.199411790817976,3.8135829471446305,0.36840319633483887,2.1956276190985826,"Addison Barger",24598,680718
"Mookie Betts","LAD",150,663,20,95,82,8,0.092006033,0.102564102,0.147707979,0.258317025,0.258064516,0.325791855,0.405772495,0.31784157628551374,0.32742842819975654,103.82600808653768,-0.3311624873895198,2.675284966846197,8.635106563568115,3.41402158099717,"Mookie Betts",13611,605141
"Jacob Wilson","ATH",125,523,13,62,63,5,0.051625239,0.074569789,0.133744856,0.317241379,0.310699588,0.355086372,0.444444444,0.34788482865461934,0.30298250002833355,121.36920669600204,-0.33341252617537975,12.838919330803245,2.9951045513153076,3.4617269427955386,"Jacob Wilson",33266,805779
"Spencer Steer","CIN",146,568,21,66,75,7,0.089788732,0.227112676,0.172888016,0.27700831,0.237721021,0.312169312,0.410609037,0.315815327554363,0.2921964496585494,97.04870123388791,-0.44436158798635006,-2.4311687540213196,-7.090264081954956,0.9592888271182829,"Spencer Steer",26323,668715
"Luis Arraez","SDP",154,675,8,66,61,11,0.05037037,0.031111111,0.1,0.289297658,0.291935483,0.32730015,0.391935483,0.3134299959891882,0.3003057268573952,104.03341947572119,-0.46238874085247517,2.7644062166189283,-16.563055992126465,0.8858999677542558,"Luis Arraez",18568,650333
"Spencer Torkelson","DET",155,649,31,82,78,2,0.110939907,0.260400616,0.21669627,0.282608695,0.239786856,0.332819722,0.456483126,0.3386429640034309,0.33407528700761807,117.5714949331538,-0.48784747906029224,12.952979274846081,-12.355383455753326,2.346549911203422,"Spencer Torkelson",27465,679529
"Kyle Manzardo","CLE",142,531,27,47,70,2,0.09039548,0.254237288,0.221276595,0.265175718,0.234042553,0.312617702,0.455319148,0.3294161449984026,0.3207130071571509,112.65081053203048,-0.5013719126582146,7.4160802384194655,-14.166430354118347,1.179234287567025,"Kyle Manzardo",29794,700932
"Lenyn Sosa","CHW",140,544,22,57,75,2,0.033088235,0.233455882,0.16988417,0.309139784,0.264478764,0.292817679,0.434362934,0.3125737317139712,0.3255196111259531,99.60694748581646,-0.5158889219164848,-0.7679014048179864,-4.75922966003418,1.350163501030425,"Lenyn Sosa",22896,672820
"Seiya Suzuki","CHC",151,651,32,75,103,5,0.10906298,0.251920122,0.232924694,0.281984334,0.245183887,0.325652841,0.478108581,0.34336035976043117,0.3508429622797092,122.59029453466638,-0.5235936921089888,16.906394290417545,-13.181522399187088,2.5970804434462167,"Seiya Suzuki",30116,673548
"Luis Rengifo","LAA",147,541,9,55,43,10,0.060998151,0.192236598,0.097804391,0.281329923,0.23752495,0.287037037,0.335329341,0.2748252503297947,0.29991314402300184,72.68248280800341,-0.5238719750195742,-17.942384495218477,-0.5054854154586792,0.017645925120272826,"Luis Rengifo",19858,650859
"Mike Trout","LAA",130,556,26,73,64,2,0.15647482,0.320143884,0.206140351,0.310077519,0.23245614,0.358558558,0.438596491,0.3431537466311674,0.35796140221988454,119.75142681338025,-0.5288272611796856,12.414497265011287,-14.002081036567688,1.7954856575413494,"Mike Trout",10155,545361
"Brendan Donovan","STL",118,515,10,64,50,3,0.081553398,0.130097087,0.134782609,0.315245478,0.286956521,0.35282651,0.42173913,0.33701156775156654,0.34633412080652576,118.59689135104449,-0.5288473069667816,10.82235303039819,-0.09933483600616455,2.850139523000561,"Brendan Donovan",24679,680977
"Ryan O'Hearn","- - -",144,544,17,67,63,3,0.106617647,0.200367647,0.156118143,0.329545454,0.280590717,0.365808823,0.43670886,0.34921390215555825,0.34286830859556516,127.26868770556393,-0.6155985221266747,16.88232286042463,-5.790281414985657,3.0290161511678253,"Ryan O'Hearn",16442,656811
"Jake Cronenworth","SDP",135,515,11,61,59,3,0.133980582,0.20776699,0.131264916,0.298701298,0.245823389,0.366666666,0.377088305,0.3330861906171548,0.31814199732983206,117.49854494100151,-0.6325431130826473,10.04824678283382,1.3017563074827194,2.9142879244483995,"Jake Cronenworth",18036,630105
"Tyler Soderstrom","ATH",158,624,25,75,93,8,0.088141025,0.225961538,0.197860962,0.327455919,0.276292335,0.346153846,0.474153297,0.3535302139555143,0.3408355959000126,125.25810135928567,-0.6811907514929771,17.89505150937222,-6.252346873283386,3.3885670086378266,"Tyler Soderstrom",27467,691016
"Lourdes Gurriel Jr.","ARI",129,546,19,52,80,10,0.056776556,0.139194139,0.17,0.253623188,0.248,0.294871794,0.418,0.3066032725376087,0.3130747290218578,94.63401352769503,-0.6849745437502861,-4.157427909354341,-6.576246336102486,0.7603741901853827,"Lourdes Gurriel Jr.",19238,666971
"Manny Machado","SDP",159,678,27,91,95,14,0.081120943,0.193215339,0.185365854,0.307359307,0.274796747,0.334808259,0.460162601,0.3411543614255922,0.35393865395442514,123.02550141793589,-0.7419531438499689,17.760656910184725,-3.520729422569275,3.764809205933287,"Manny Machado",11493,592518
"Teoscar Hernández","LAD",134,546,25,65,89,5,0.047619047,0.245421245,0.207436399,0.282913165,0.246575342,0.284403669,0.454011741,0.3149013547722353,0.32003453198601217,101.8118617921333,-0.7702433243393898,0.40225414850646346,-12.228057861328125,0.6486356778848118,"Teoscar Hernandez",13066,606192
"James Wood","WSN",157,689,31,87,94,15,0.123367198,0.320754716,0.219063545,0.3495702,0.255852842,0.349782293,0.474916387,0.35281340211148476,0.3604736553180886,127.29375842430733,-0.851773165166378,21.43651791940268,-12.580478191375732,3.2514136947009904,"James Wood",29518,695578
"Agustín Ramírez","MIA",136,585,21,72,67,16,0.061538461,0.193162393,0.182495345,0.253071253,0.230912476,0.287179487,0.413407821,0.3016430406382317,0.33229984145566643,90.87929667556621,-0.8793523479253054,-7.203156351772023,-12.506880760192871,-0.025265540264761494,"Agustin Ramirez",26546,682663
"Ke'Bryan Hayes","- - -",152,570,5,50,49,12,0.063157894,0.194736842,0.070208729,0.288834951,0.235294117,0.289982425,0.305502846,0.26588957431450694,0.28093554246871866,64.87872475695353,-0.8827822878956795,-24.609591498257096,19.21513080596924,1.3883376502012448,"Ke'Bryan Hayes",18577,663647
"Luis García Jr.","WSN",139,526,16,67,66,14,0.051330798,0.159695817,0.159836065,0.26952141,0.25204918,0.288973384,0.411885245,0.299975863411313,0.33716318261532385,91.09834515432694,-0.9312464706599712,-6.480706156345734,-3.8753219842910767,0.7309328676254119,"Luis Garcia Jr.",20391,671277
"Alec Burleson","STL",139,546,18,54,69,5,0.071428571,0.144688644,0.169014085,0.311881188,0.28973843,0.342541436,0.458752515,0.3455924883319883,0.34314239445334244,124.47509791187049,-0.969244847074151,14.869154402757793,-12.437045812606812,2.107398541494975,"Alec Burleson",27615,676475
"Yandy Díaz","TBR",150,651,25,79,83,3,0.087557603,0.141321044,0.181818182,0.318471337,0.300171526,0.365591397,0.481989708,0.3642911937726889,0.35387394509954245,134.60814339668812,-1.0442675072699785,25.509849525093824,-19.770220279693604,2.879687143224589,"Yandy Diaz",16578,650490
"Chase Meidroth","CHW",122,505,5,54,23,14,0.08910891,0.142574257,0.066666667,0.29144385,0.253333333,0.328685258,0.32,0.2935514285032493,0.29700021362304685,86.50319468655016,-1.0817248653620481,-9.115042448329492,4.894407510757446,1.346498616762121,"Chase Meidroth",31580,805367
"Kyle Schwarber","PHI",162,724,56,111,132,10,0.14917127,0.272099447,0.322847682,0.252840909,0.240066225,0.364640883,0.562913907,0.39137705031543724,0.4015333103834336,152.08051640783808,-1.0830436181277037,43.60671962103099,-19.549615621566772,4.925811487238976,"Kyle Schwarber",16478,656941
"Taylor Ward","LAA",157,663,36,86,103,4,0.113122171,0.263951734,0.246977548,0.256684491,0.227979274,0.316742081,0.474956822,0.33875144356327114,0.33115504515495187,116.71884497982768,-1.109724946320057,11.954762448830564,-6.190913558006287,2.9244222817896555,"Taylor Ward",17548,621493
"Nolan Schanuel","LAA",132,564,12,64,53,5,0.104609929,0.125886524,0.125,0.286063569,0.264344262,0.352941176,0.389344262,0.32701259369910085,0.32714069833000786,108.6323906181347,-1.220300067216158,4.517993502894384,-10.115281283855438,1.4134142005314212,"Nolan Schanuel",33189,694384
"Randy Arozarena","SEA",160,709,27,95,76,31,0.090267983,0.269393511,0.187601957,0.2975,0.23817292,0.334273624,0.425774877,0.33227248500395024,0.325469711346937,119.9653375656667,-1.2629522699862719,15.420866649113641,-11.562757015228271,2.8914271078267837,"Randy Arozarena",19290,668227
"Jose Altuve","HOU",155,654,26,80,77,10,0.084097859,0.166666666,0.176870748,0.2832244,0.265306122,0.329249617,0.44217687,0.33135664582620433,0.30116847420033566,113.37832433817539,-1.4312043283134699,8.881012682801073,-10.524024963378906,2.134914814219087,"Jose Altuve",5417,514888
"Lars Nootbaar","STL",135,583,13,68,48,4,0.109777015,0.204116638,0.127701375,0.278947368,0.233791748,0.324742268,0.361493123,0.3041559130416633,0.3137185684757529,96.08971123372274,-1.514234535396099,-4.216148965847535,-7.034492254257202,0.8334286026516019,"Lars Nootbaar",21454,663457
"Gavin Sheets","SDP",145,545,19,57,71,2,0.080733944,0.196330275,0.176829268,0.283783783,0.25203252,0.317431192,0.428861788,0.3230827439795522,0.33920262748464886,110.64586228243091,-1.557720072567463,5.318844916528843,-10.286880776286125,1.3468671906296488,"Gavin Sheets",19901,657757
"Josh Jung","TEX",131,511,14,53,61,4,0.052837573,0.252446183,0.139004149,0.315634218,0.251037344,0.293542074,0.390041493,0.2979579804694816,0.3004192742775744,91.20131118833264,-1.5846327543258667,-6.883846447882075,5.557665467262268,1.6637660629570383,"Josh Jung",26299,673962
"Eric Wagaman","MIA",140,514,9,56,53,4,0.062256809,0.194552529,0.12815126,0.295698924,0.25,0.295719844,0.37815126,0.29319762302279934,0.31493605228892546,85.09391400354646,-1.6521586179733276,-10.73289247249518,-10.068094432353973,-0.3785646777438052,"Eric Wagaman",23395,676572
"Yainer Diaz","HOU",143,567,20,56,70,1,0.035273368,0.1675485,0.160516605,0.276744186,0.256457564,0.283950617,0.416974169,0.30015097265749907,0.32865458568078376,91.88190392011954,-1.669433144852519,-7.0945590388287005,2.9637038111686707,1.5740128942875238,"Yainer Diaz",23003,673237
"Freddie Freeman","LAD",147,627,24,81,90,6,0.095693779,0.20414673,0.206834533,0.342298288,0.294964028,0.366826156,0.501798561,0.3697290580118856,0.3493878390754367,139.37060177554082,-1.692714635282755,27.56455536408472,-10.371381998062134,3.893361143205388,"Freddie Freeman",5361,518692
"Brandon Lowe","TBR",134,553,31,79,83,3,0.068716094,0.269439421,0.220907298,0.297297297,0.256410256,0.307414104,0.477317554,0.3343621486986893,0.33723855496321437,113.99114429708715,-1.7616433966904879,7.357434842537964,-9.315155029296875,1.7470517786469517,"Brandon Lowe",18882,664040
"Nick Castellanos","PHI",147,589,17,72,72,4,0.054329371,0.225806451,0.149908592,0.297766749,0.250457038,0.293718166,0.40036563,0.30037709336936574,0.3001909142255377,89.74261933234901,-1.8186162281781435,-8.979159502751937,-16.248475074768066,-0.5761689636064313,"Nick Castellanos",11737,592206
"Christian Walker","HOU",154,640,27,72,88,2,0.0625,0.2765625,0.182905983,0.29090909,0.237606837,0.296875,0.42051282,0.31036424403645807,0.3126159094868691,98.91744435595207,-1.939116446301341,-2.755704039983151,-8.41067385673523,1.1112553019186553,"Christian Walker",13419,572233
"Riley Greene","DET",157,655,36,84,111,2,0.070229007,0.306870229,0.235,0.323369565,0.258333333,0.312977099,0.493333333,0.3432960526658854,0.3356552357338255,120.77683357750392,-2.00809882581234,14.0314901836745,-8.020442396402359,2.9215423787200017,"Riley Greene",25976,682985
"Ben Rice","NYY",138,530,26,74,65,3,0.094339622,0.188679245,0.244111349,0.271137026,0.254817987,0.337121212,0.498929336,0.3584577606031389,0.39561754838339064,132.60016845324574,-2.0188420712947845,18.34540177024633,-6.8197569996118546,3.0455758545038907,"Ben Rice",29576,700250
"Trevor Larnach","MIN",142,567,17,62,60,4,0.093474426,0.215167548,0.153081511,0.294594594,0.250497017,0.323321554,0.403578528,0.3165665356614066,0.31422784142460386,101.85669871858447,-2.040164018049836,-0.7993774843120762,-16.58255958557129,0.21826138710058562,"Trevor Larnach",21501,663616
"J.P. Crawford","SEA",157,654,12,69,58,8,0.113149847,0.186544342,0.105263158,0.318077803,0.26491228,0.351851851,0.370175438,0.3224378884115027,0.3281879365629868,113.19065201889754,-2.2515403497964144,7.916015967314042,-3.0371055603027344,2.802189125761041,"J.P. Crawford",15491,641487
"Hunter Goodman","COL",144,579,31,73,91,1,0.056994818,0.262521588,0.242592593,0.331476323,0.277777777,0.322970639,0.52037037,0.3587744185549813,0.32140721215142143,117.70424184789086,-2.410036752000451,9.73923099270603,4.1954667046666145,3.396588114506926,"Hunter Goodman",29715,696100
"Willson Contreras","STL",135,563,20,70,80,5,0.078152753,0.252220248,0.189795918,0.319277108,0.257142857,0.34402852,0.446938775,0.34426162796361104,0.3577222653187304,123.56341575893369,-2.4632058665156364,13.259990804071093,-4.997234344482422,2.7618141464327213,"Willson Contreras",11609,575929
"Paul Goldschmidt","NYY",146,534,10,76,45,5,0.06741573,0.187265917,0.128834356,0.325459317,0.274028629,0.327683615,0.402862985,0.3161110693284314,0.3279495530456077,103.42911759869705,-2.554171474650502,-0.395948998668592,-10.318761587142944,0.7841948897031279,"Paul Goldschmidt",9218,502671
"Heliot Ramos","SFG",157,695,21,85,69,6,0.074820143,0.227338129,0.143548388,0.308724832,0.256451612,0.328057553,0.4,0.318876088267625,0.31964842155467615,106.41887827038718,-2.587763302028179,2.6995877965099595,-15.114742755889893,1.0955280468653217,"Heliot Ramos",22515,671218
"Jonathan India","KCR",136,567,9,63,45,0,0.095238095,0.186948853,0.112676056,0.278645833,0.233400402,0.323321554,0.346076458,0.30070688372787235,0.3132289047782303,88.67280581244086,-2.5907948669046164,-10.160482868666794,-11.831806898117065,-0.2534353914650401,"Jonathan India",21523,663697
"Vladimir Guerrero Jr.","TOR",156,680,23,96,84,6,0.119117647,0.138235294,0.174872666,0.31302521,0.292020373,0.380882352,0.466893039,0.3656467213517144,0.384224245901065,137.02781322530683,-2.5973666571080685,27.078919623322182,-12.477776244282722,3.8884524230892934,"Vladimir Guerrero Jr.",19611,665489
"Jackson Holliday","BAL",149,649,17,70,55,17,0.086286594,0.215716486,0.133105802,0.290697674,0.242320819,0.314329738,0.375426621,0.3042718896895279,0.3121745264807413,95.58969877514491,-2.607943158596754,-5.981480522453764,-4.312319874763489,1.2322237745568394,"Jackson Holliday",31781,702616
"Marcell Ozuna","ATL",145,592,21,61,68,0,0.158783783,0.243243243,0.168377823,0.279635258,0.232032854,0.355329949,0.400410677,0.3340776355238236,0.35124120761020017,113.9681445333606,-2.754738613963127,7.0459058051949945,-14.799382209777832,1.2218679899840426,"Marcell Ozuna",10324,542303
"Cal Raleigh","SEA",159,705,60,110,125,14,0.137588652,0.266666666,0.342281879,0.247863247,0.246644295,0.358865248,0.588926174,0.39200781996166983,0.369071738664494,161.1147743082231,-2.760269746184349,48.021508437442925,16.293894536793232,9.062879105971586,"Cal Raleigh",21534,663728
"Alec Bohm","PHI",120,504,11,53,59,2,0.057539682,0.162698412,0.122844827,0.323607427,0.286637931,0.331349206,0.409482758,0.32239461855755913,0.32358538866992964,104.82533217200427,-2.8189114052802324,0.06347338479826581,0.1654905080795288,1.7390228520067559,"Alec Bohm",21618,664761
"Brooks Lee","MIN",139,527,16,50,64,3,0.058823529,0.174573055,0.133470226,0.2578125,0.23613963,0.284629981,0.369609856,0.28562926838927294,0.28569937023763636,80.54517307796851,-2.937383506447077,-15.021379192745774,0.08641815185546875,0.32776043918516806,"Brooks Lee",31595,686797
"Carlos Correa","- - -",144,584,13,63,52,0,0.077054794,0.19349315,0.126629422,0.327669902,0.275605214,0.33219178,0.402234636,0.3222022352561559,0.3382524237575301,106.24118134646454,-2.951332464814186,1.3445483501669955,4.0402480363845825,2.607447459084884,"Carlos Correa",14162,621043
"Trent Grisham","NYY",143,581,34,87,74,3,0.141135972,0.235800344,0.22874494,0.253086419,0.234817813,0.347676419,0.463562753,0.3532670625515936,0.365523083895291,129.02449082001655,-3.0039241798222065,16.871358620926426,-6.000736236572266,3.1581518212784023,"Trent Grisham",18564,663757
"Bo Bichette","TOR",139,628,18,78,94,4,0.063694267,0.144904458,0.171821306,0.342436974,0.310996563,0.356687898,0.482817869,0.36087718320349915,0.35232653984656703,133.74225688817225,-3.245534287765622,21.729514546584777,-5.990059852600098,3.821801531506878,"Bo Bichette",19612,666182
"Ian Happ","CHC",150,663,23,87,79,6,0.131221719,0.227752639,0.177504394,0.2875,0.242530755,0.342383107,0.420035149,0.3334078720225509,0.3521876248446378,115.77252036124874,-3.31320084258914,9.080723219884245,-3.6881632804870605,2.8085533487178207,"Ian Happ",17919,664023
"William Contreras","MIL",150,659,17,89,76,6,0.127465857,0.182094081,0.139575972,0.298850574,0.259717314,0.355083459,0.399293286,0.3315742284287023,0.33016305159355885,113.47876548840496,-3.332034019753337,7.195574760846231,6.542165517807007,3.648753886692119,"William Contreras",20503,661388
"Michael Busch","CHC",155,592,34,78,90,4,0.094594594,0.234797297,0.261450382,0.291784702,0.261450381,0.342905405,0.522900763,0.36859447440858617,0.3778637301537298,139.87647460022396,-3.35047378949821,24.628557162894097,-10.102578669786453,3.5013350490886492,"Michael Busch",26319,683737
"Gleyber Torres","DET",145,628,16,79,74,4,0.135350318,0.160828025,0.131578948,0.284360189,0.255639097,0.358280254,0.387218045,0.331659921130557,0.36184913842111494,112.76113802846297,-3.3770988527685404,6.068328775235409,-2.567996859550476,2.569586101031371,"Gleyber Torres",16997,650402
"Ketel Marte","ARI",126,556,28,87,72,4,0.115107913,0.149280575,0.233333333,0.29032258,0.283333333,0.37589928,0.516666666,0.38054607012055136,0.3892854565251483,145.2872078795435,-3.392894307151437,26.450247531048422,-0.015487074851989746,4.597209838564742,"Ketel Marte",13613,606466
"Eugenio Suárez","- - -",159,657,49,91,118,4,0.07001522,0.298325722,0.297619048,0.242857142,0.227891156,0.298325722,0.525510204,0.3468173504785727,0.31587097517406665,124.69361712346375,-3.43961582146585,15.801432446630429,-0.7449610233306885,3.802711669291534,"Eugenio Suarez",12552,553993
"Aaron Judge","NYY",152,679,53,137,114,12,0.182621502,0.235640648,0.356746765,0.376119402,0.330868761,0.456553755,0.687615526,0.46277131105470437,0.45774143831964215,204.45786957330023,-4.1427703108638525,79.45284778761305,-3.845034122467041,10.12667684956468,"Aaron Judge",15640,592450
"Nathaniel Lowe","- - -",153,609,18,64,84,1,0.101806239,0.261083743,0.153703704,0.285326086,0.227777777,0.307060755,0.381481481,0.30125996004022915,0.30331027428835433,91.28891612582942,-4.203319604508579,-10.501712705779097,-13.287139058113098,-0.34690551281403936,"Nathaniel Lowe",19566,663993
"Andrew McCutchen","PIT",135,551,13,51,57,1,0.121597096,0.214156079,0.1278826,0.28939828,0.23899371,0.333333333,0.36687631,0.3089256097069558,0.3322961030183015,95.32560714123179,-4.269756497815251,-7.322364331894972,-12.220815062522888,-0.12392862449441022,"Andrew McCutchen",9847,457705
"Vinnie Pasquantino","KCR",160,682,32,72,113,1,0.071847507,0.156891495,0.21095008,0.271047227,0.264090177,0.322580645,0.475040257,0.3398104663965797,0.3338635479962384,115.60980051703578,-4.61143927834928,7.935976885778061,-16.931190013885498,1.4812927095239095,"Vinnie Pasquantino",27676,686469
"Salvador Perez","KCR",155,641,30,54,100,0,0.043681747,0.1950078,0.209380235,0.250564334,0.236180904,0.283699059,0.445561139,0.3105423916572643,0.3558702996180144,95.44811914512562,-4.776127027347684,-8.215042414023124,-8.675826787948608,0.5290896309670728,"Salvador Perez",7304,521692
"Matt Olson","ATL",162,724,29,98,95,1,0.125690607,0.243093922,0.211538461,0.332547169,0.272435897,0.366022099,0.483974358,0.3663292339799147,0.3596246854276829,136.0615266903134,-4.790014090016484,26.15401644171929,-4.206103324890137,4.710014863829272,"Matt Olson",14344,621566
"Pete Alonso","NYM",162,709,38,87,126,1,0.086036671,0.228490832,0.251602564,0.304849884,0.272435897,0.346967559,0.524038461,0.36833570584316144,0.3852392335026227,141.20800005483187,-5.410721210762858,29.216845801823425,-17.74122381210327,3.5875089888888323,"Pete Alonso",19251,624413
"Rafael Devers","- - -",163,729,35,99,109,1,0.153635116,0.263374485,0.227347611,0.307291666,0.252059308,0.371742112,0.479406919,0.3650801973482166,0.3667544440744312,135.33665120111453,-5.798344610258937,24.63209686049298,-16.773152828216553,3.324791200971848,"Rafael Devers",17350,646240
"Alejandro Kirk","TOR",130,506,15,45,76,1,0.09486166,0.11660079,0.139689579,0.292428198,0.281596452,0.347826086,0.421286031,0.3344693310440533,0.35701025172208933,115.55087581177857,-5.861030763015151,3.413201002624401,24.857967376708984,4.674338155196416,"Alejandro Kirk",22581,672386
"Josh Bell","WSN",140,533,22,54,63,0,0.106941838,0.165103189,0.179487179,0.246537396,0.237179487,0.324577861,0.416666666,0.3238837330188966,0.35900809548117896,107.47600471492413,-6.107736235484481,-1.3850294646958998,-15.735138416290283,0.0627044561243657,"Josh Bell",13145,605137